num_feats,feature_idx,cv_scores,avg_score,feature_names,ci_bound,std_dev,std_err
6,"(2, 3, 10, 11, 28, 52)",[0.90424411 0.91046364 0.91008432 0.89467322 0.87835819],0.8995646960150804,"('i-z', 'Multiband_period', 'Period_band_i', 'delta_period_i', 'Harmonics_phase_2_i', 'SPM_A_i')",0.015476831274832592,0.01204150053522922,0.006020750267614609
7,"(2, 3, 10, 11, 28, 52, 68)",[0.90424411 0.90879188 0.91008432 0.88929955 0.8764699 ],0.8977779539328672,"('i-z', 'Multiband_period', 'Period_band_i', 'delta_period_i', 'Harmonics_phase_2_i', 'SPM_A_i', 'SPM_chi_i')",0.016664040110593685,0.012965189343189083,0.006482594671594542
4,"(3, 11, 28, 52)",[0.90063874 0.90058464 0.90612392 0.89649811 0.88269616],0.8973083137258865,"('Multiband_period', 'delta_period_i', 'Harmonics_phase_2_i', 'SPM_A_i')",0.010180808702603355,0.007921015049173277,0.003960507524586638
5,"(2, 3, 11, 28, 52)",[0.90070272 0.89789654 0.90420357 0.89513383 0.88785371],0.8971580749230974,"('i-z', 'Multiband_period', 'delta_period_i', 'Harmonics_phase_2_i', 'SPM_A_i')",0.007119576297604774,0.005539272237051668,0.002769636118525834
10,"(1, 2, 3, 10, 11, 28, 42, 47, 52, 68)",[0.89916665 0.90035357 0.90990259 0.89914652 0.87093147],0.8959001617195991,"('r-i', 'i-z', 'Multiband_period', 'Period_band_i', 'delta_period_i', 'Harmonics_phase_2_i', 'SPM_A_g', 'SPM_A_r', 'SPM_A_i', 'SPM_chi_i')",0.016861774795461727,0.013119033645772117,0.006559516822886058
8,"(2, 3, 10, 11, 28, 47, 52, 68)",[0.8986278  0.90873966 0.90771793 0.88945997 0.87482712],0.895874495708686,"('i-z', 'Multiband_period', 'Period_band_i', 'delta_period_i', 'Harmonics_phase_2_i', 'SPM_A_r', 'SPM_A_i', 'SPM_chi_i')",0.016232344626010746,0.012629315589941247,0.006314657794970624
9,"(1, 2, 3, 10, 11, 28, 47, 52, 68)",[0.90295672 0.90234868 0.90849033 0.89328673 0.86852173],0.8951208388527705,"('r-i', 'i-z', 'Multiband_period', 'Period_band_i', 'delta_period_i', 'Harmonics_phase_2_i', 'SPM_A_r', 'SPM_A_i', 'SPM_chi_i')",0.018206387314313264,0.014165187866743414,0.007082593933371706
11,"(1, 2, 3, 10, 11, 28, 42, 47, 52, 57, 68)",[0.89707387 0.89832387 0.90414685 0.89717529 0.87232478],0.8938089333927319,"('r-i', 'i-z', 'Multiband_period', 'Period_band_i', 'delta_period_i', 'Harmonics_phase_2_i', 'SPM_A_g', 'SPM_A_r', 'SPM_A_i', 'SPM_A_z', 'SPM_chi_i')",0.014206020758630237,0.011052766779637437,0.005526383389818718
3,"(3, 28, 52)",[0.89633541 0.89404886 0.88654271 0.89590155 0.88765515],0.8920967388653744,"('Multiband_period', 'Harmonics_phase_2_i', 'SPM_A_i')",0.005356091637371809,0.0041672212594982255,0.0020836106297491123
12,"(1, 2, 3, 10, 11, 20, 28, 42, 47, 52, 57, 68)",[0.90658126 0.90524433 0.89030057 0.87792826 0.87423203],0.8908572889005498,"('r-i', 'i-z', 'Multiband_period', 'Period_band_i', 'delta_period_i', 'Harmonics_phase_2_r', 'Harmonics_phase_2_i', 'SPM_A_g', 'SPM_A_r', 'SPM_A_i', 'SPM_A_z', 'SPM_chi_i')",0.01722576599315821,0.013402231163665086,0.006701115581832544
13,"(1, 2, 3, 10, 11, 20, 28, 36, 42, 47, 52, 57, 68)",[0.91026151 0.90360047 0.88456969 0.87727235 0.87184759],0.8895103210006179,"('r-i', 'i-z', 'Multiband_period', 'Period_band_i', 'delta_period_i', 'Harmonics_phase_2_r', 'Harmonics_phase_2_i', 'Harmonics_phase_2_z', 'SPM_A_g', 'SPM_A_r', 'SPM_A_i', 'SPM_A_z', 'SPM_chi_i')",0.01919601491146847,0.01493515175852532,0.00746757587926266
14,"(1, 2, 3, 10, 11, 20, 28, 36, 42, 47, 52, 57, 62, 68)",[0.89915032 0.90192099 0.8787749  0.87545587 0.86808251],0.8846769173174632,"('r-i', 'i-z', 'Multiband_period', 'Period_band_i', 'delta_period_i', 'Harmonics_phase_2_r', 'Harmonics_phase_2_i', 'Harmonics_phase_2_z', 'SPM_A_g', 'SPM_A_r', 'SPM_A_i', 'SPM_A_z', 'SPM_A_Y', 'SPM_chi_i')",0.01726383573108286,0.013431850713135862,0.006715925356567931
15,"(1, 2, 3, 6, 10, 11, 20, 28, 36, 42, 47, 52, 57, 62, 68)",[0.89512782 0.90376421 0.87674148 0.86376941 0.85694642],0.8792698698774324,"('r-i', 'i-z', 'Multiband_period', 'Harmonics_mag_6_z', 'Period_band_i', 'delta_period_i', 'Harmonics_phase_2_r', 'Harmonics_phase_2_i', 'Harmonics_phase_2_z', 'SPM_A_g', 'SPM_A_r', 'SPM_A_i', 'SPM_A_z', 'SPM_A_Y', 'SPM_chi_i')",0.022966395130992547,0.01786863566263979,0.008934317831319894
2,"(3, 28)",[0.88353152 0.88323634 0.86134038 0.87820285 0.88447337],0.8781568939183471,"('Multiband_period', 'Harmonics_phase_2_i')",0.011166250272176007,0.0086877220692816,0.0043438610346408
16,"(1, 2, 3, 6, 10, 11, 20, 26, 28, 36, 42, 47, 52, 57, 62, 68)",[0.8952951  0.90013782 0.8639508  0.85504642 0.85484869],0.8738557663008937,"('r-i', 'i-z', 'Multiband_period', 'Harmonics_mag_6_z', 'Period_band_i', 'delta_period_i', 'Harmonics_phase_2_r', 'Harmonics_mse_i', 'Harmonics_phase_2_i', 'Harmonics_phase_2_z', 'SPM_A_g', 'SPM_A_r', 'SPM_A_i', 'SPM_A_z', 'SPM_A_Y', 'SPM_chi_i')",0.02547056342631077,0.019816963671966403,0.0099084818359832
17,"(1, 2, 3, 5, 6, 10, 11, 20, 26, 28, 36, 42, 47, 52, 57, 62, 68)",[0.88555645 0.89836586 0.86391819 0.84514741 0.85447409],0.869492398868517,"('r-i', 'i-z', 'Multiband_period', 'Harmonics_mag_6_i', 'Harmonics_mag_6_z', 'Period_band_i', 'delta_period_i', 'Harmonics_phase_2_r', 'Harmonics_mse_i', 'Harmonics_phase_2_i', 'Harmonics_phase_2_z', 'SPM_A_g', 'SPM_A_r', 'SPM_A_i', 'SPM_A_z', 'SPM_A_Y', 'SPM_chi_i')",0.02532401590303321,0.019702944720112036,0.009851472360056018
18,"(1, 2, 3, 5, 6, 10, 11, 20, 26, 28, 36, 42, 47, 52, 57, 62, 68, 69)",[0.88555645 0.89836586 0.84262922 0.84514741 0.85258089],0.8648559644983717,"('r-i', 'i-z', 'Multiband_period', 'Harmonics_mag_6_i', 'Harmonics_mag_6_z', 'Period_band_i', 'delta_period_i', 'Harmonics_phase_2_r', 'Harmonics_mse_i', 'Harmonics_phase_2_i', 'Harmonics_phase_2_z', 'SPM_A_g', 'SPM_A_r', 'SPM_A_i', 'SPM_A_z', 'SPM_A_Y', 'SPM_chi_i', 'SPM_chi_z')",0.02922196245812888,0.022735679567186674,0.011367839783593337
19,"(1, 2, 3, 5, 6, 10, 11, 20, 26, 28, 36, 42, 47, 52, 57, 62, 67, 68, 69)",[0.86958833 0.89295464 0.83749264 0.84204992 0.85258089],0.858933284082194,"('r-i', 'i-z', 'Multiband_period', 'Harmonics_mag_6_i', 'Harmonics_mag_6_z', 'Period_band_i', 'delta_period_i', 'Harmonics_phase_2_r', 'Harmonics_mse_i', 'Harmonics_phase_2_i', 'Harmonics_phase_2_z', 'SPM_A_g', 'SPM_A_r', 'SPM_A_i', 'SPM_A_z', 'SPM_A_Y', 'SPM_chi_r', 'SPM_chi_i', 'SPM_chi_z')",0.026063752519713417,0.020278484939392466,0.010139242469696233
20,"(1, 2, 3, 5, 6, 10, 11, 18, 20, 26, 28, 36, 42, 47, 52, 57, 62, 67, 68, 69)",[0.86597482 0.88364062 0.83137915 0.83482887 0.85086349],0.8533373888689268,"('r-i', 'i-z', 'Multiband_period', 'Harmonics_mag_6_i', 'Harmonics_mag_6_z', 'Period_band_i', 'delta_period_i', 'Harmonics_mse_r', 'Harmonics_phase_2_r', 'Harmonics_mse_i', 'Harmonics_phase_2_i', 'Harmonics_phase_2_z', 'SPM_A_g', 'SPM_A_r', 'SPM_A_i', 'SPM_A_z', 'SPM_A_Y', 'SPM_chi_r', 'SPM_chi_i', 'SPM_chi_z')",0.02511315522971911,0.019538887952581113,0.009769443976290556
21,"(1, 2, 3, 5, 6, 10, 11, 18, 20, 26, 28, 34, 36, 42, 47, 52, 57, 62, 67, 68, 69)",[0.86597482 0.88158593 0.82741281 0.83830837 0.8510384 ],0.8528640652463331,"('r-i', 'i-z', 'Multiband_period', 'Harmonics_mag_6_i', 'Harmonics_mag_6_z', 'Period_band_i', 'delta_period_i', 'Harmonics_mse_r', 'Harmonics_phase_2_r', 'Harmonics_mse_i', 'Harmonics_phase_2_i', 'Harmonics_mse_z', 'Harmonics_phase_2_z', 'SPM_A_g', 'SPM_A_r', 'SPM_A_i', 'SPM_A_z', 'SPM_A_Y', 'SPM_chi_r', 'SPM_chi_i', 'SPM_chi_z')",0.024788496768917687,0.019286292640266493,0.009643146320133246
22,"(1, 2, 3, 5, 6, 10, 11, 17, 18, 20, 26, 28, 34, 36, 42, 47, 52, 57, 62, 67, 68, 69)",[0.85487648 0.86924389 0.84242263 0.82989624 0.84742299],0.8487724442183537,"('r-i', 'i-z', 'Multiband_period', 'Harmonics_mag_6_i', 'Harmonics_mag_6_z', 'Period_band_i', 'delta_period_i', 'Power_rate_4', 'Harmonics_mse_r', 'Harmonics_phase_2_r', 'Harmonics_mse_i', 'Harmonics_phase_2_i', 'Harmonics_mse_z', 'Harmonics_phase_2_z', 'SPM_A_g', 'SPM_A_r', 'SPM_A_i', 'SPM_A_z', 'SPM_A_Y', 'SPM_chi_r', 'SPM_chi_i', 'SPM_chi_z')",0.01680531180322264,0.013075103519559966,0.006537551759779982
23,"(1, 2, 3, 5, 6, 10, 11, 17, 18, 20, 26, 28, 34, 35, 36, 42, 47, 52, 57, 62, 67, 68, 69)",[0.85308806 0.86199512 0.84064239 0.82270994 0.84195163],0.8440774272857439,"('r-i', 'i-z', 'Multiband_period', 'Harmonics_mag_6_i', 'Harmonics_mag_6_z', 'Period_band_i', 'delta_period_i', 'Power_rate_4', 'Harmonics_mse_r', 'Harmonics_phase_2_r', 'Harmonics_mse_i', 'Harmonics_phase_2_i', 'Harmonics_mse_z', 'Harmonics_chi_z', 'Harmonics_phase_2_z', 'SPM_A_g', 'SPM_A_r', 'SPM_A_i', 'SPM_A_z', 'SPM_A_Y', 'SPM_chi_r', 'SPM_chi_i', 'SPM_chi_z')",0.017003998747234607,0.013229688712108627,0.006614844356054313
24,"(1, 2, 3, 5, 6, 10, 11, 17, 18, 19, 20, 26, 28, 34, 35, 36, 42, 47, 52, 57, 62, 67, 68, 69)",[0.84567573 0.86012995 0.83162259 0.81898404 0.84001162],0.8392847848589424,"('r-i', 'i-z', 'Multiband_period', 'Harmonics_mag_6_i', 'Harmonics_mag_6_z', 'Period_band_i', 'delta_period_i', 'Power_rate_4', 'Harmonics_mse_r', 'Harmonics_chi_r', 'Harmonics_phase_2_r', 'Harmonics_mse_i', 'Harmonics_phase_2_i', 'Harmonics_mse_z', 'Harmonics_chi_z', 'Harmonics_phase_2_z', 'SPM_A_g', 'SPM_A_r', 'SPM_A_i', 'SPM_A_z', 'SPM_A_Y', 'SPM_chi_r', 'SPM_chi_i', 'SPM_chi_z')",0.01768593037407098,0.013760254685447944,0.006880127342723971
29,"(1, 2, 3, 5, 6, 10, 11, 17, 18, 19, 20, 21, 22, 26, 28, 29, 30, 34, 35, 36, 38, 42, 47, 52, 57, 62, 67, 68, 69)",[0.8592607  0.82964424 0.83947921 0.81534177 0.84543974],0.8378331315757664,"('r-i', 'i-z', 'Multiband_period', 'Harmonics_mag_6_i', 'Harmonics_mag_6_z', 'Period_band_i', 'delta_period_i', 'Power_rate_4', 'Harmonics_mse_r', 'Harmonics_chi_r', 'Harmonics_phase_2_r', 'Harmonics_phase_3_r', 'Harmonics_phase_4_r', 'Harmonics_mse_i', 'Harmonics_phase_2_i', 'Harmonics_phase_3_i', 'Harmonics_phase_4_i', 'Harmonics_mse_z', 'Harmonics_chi_z', 'Harmonics_phase_2_z', 'Harmonics_phase_4_z', 'SPM_A_g', 'SPM_A_r', 'SPM_A_i', 'SPM_A_z', 'SPM_A_Y', 'SPM_chi_r', 'SPM_chi_i', 'SPM_chi_z')",0.01899997603727099,0.014782626854256747,0.0073913134271283735
30,"(1, 2, 3, 5, 6, 10, 11, 17, 18, 19, 20, 21, 22, 26, 28, 29, 30, 34, 35, 36, 37, 38, 42, 47, 52, 57, 62, 67, 68, 69)",[0.85771691 0.82994498 0.84393835 0.81740609 0.84005569],0.8378124039980597,"('r-i', 'i-z', 'Multiband_period', 'Harmonics_mag_6_i', 'Harmonics_mag_6_z', 'Period_band_i', 'delta_period_i', 'Power_rate_4', 'Harmonics_mse_r', 'Harmonics_chi_r', 'Harmonics_phase_2_r', 'Harmonics_phase_3_r', 'Harmonics_phase_4_r', 'Harmonics_mse_i', 'Harmonics_phase_2_i', 'Harmonics_phase_3_i', 'Harmonics_phase_4_i', 'Harmonics_mse_z', 'Harmonics_chi_z', 'Harmonics_phase_2_z', 'Harmonics_phase_3_z', 'Harmonics_phase_4_z', 'SPM_A_g', 'SPM_A_r', 'SPM_A_i', 'SPM_A_z', 'SPM_A_Y', 'SPM_chi_r', 'SPM_chi_i', 'SPM_chi_z')",0.017406682597487077,0.013542990428218191,0.006771495214109096
28,"(1, 2, 3, 5, 6, 10, 11, 17, 18, 19, 20, 21, 26, 28, 29, 30, 34, 35, 36, 38, 42, 47, 52, 57, 62, 67, 68, 69)",[0.84382446 0.83218896 0.8320057  0.82265413 0.84885125],0.8359049006577773,"('r-i', 'i-z', 'Multiband_period', 'Harmonics_mag_6_i', 'Harmonics_mag_6_z', 'Period_band_i', 'delta_period_i', 'Power_rate_4', 'Harmonics_mse_r', 'Harmonics_chi_r', 'Harmonics_phase_2_r', 'Harmonics_phase_3_r', 'Harmonics_mse_i', 'Harmonics_phase_2_i', 'Harmonics_phase_3_i', 'Harmonics_phase_4_i', 'Harmonics_mse_z', 'Harmonics_chi_z', 'Harmonics_phase_2_z', 'Harmonics_phase_4_z', 'SPM_A_g', 'SPM_A_r', 'SPM_A_i', 'SPM_A_z', 'SPM_A_Y', 'SPM_chi_r', 'SPM_chi_i', 'SPM_chi_z')",0.011987327515054545,0.009326548059176834,0.004663274029588417
25,"(1, 2, 3, 5, 6, 10, 11, 17, 18, 19, 20, 21, 26, 28, 34, 35, 36, 42, 47, 52, 57, 62, 67, 68, 69)",[0.84033493 0.84569378 0.83333884 0.80890349 0.84766944],0.835188095188642,"('r-i', 'i-z', 'Multiband_period', 'Harmonics_mag_6_i', 'Harmonics_mag_6_z', 'Period_band_i', 'delta_period_i', 'Power_rate_4', 'Harmonics_mse_r', 'Harmonics_chi_r', 'Harmonics_phase_2_r', 'Harmonics_phase_3_r', 'Harmonics_mse_i', 'Harmonics_phase_2_i', 'Harmonics_mse_z', 'Harmonics_chi_z', 'Harmonics_phase_2_z', 'SPM_A_g', 'SPM_A_r', 'SPM_A_i', 'SPM_A_z', 'SPM_A_Y', 'SPM_chi_r', 'SPM_chi_i', 'SPM_chi_z')",0.01805770789792135,0.014049510229618036,0.007024755114809018
31,"(1, 2, 3, 5, 6, 10, 11, 12, 17, 18, 19, 20, 21, 22, 26, 28, 29, 30, 34, 35, 36, 37, 38, 42, 47, 52, 57, 62, 67, 68, 69)",[0.8542879  0.83238004 0.83605618 0.81860402 0.83205659],0.8346769477573572,"('r-i', 'i-z', 'Multiband_period', 'Harmonics_mag_6_i', 'Harmonics_mag_6_z', 'Period_band_i', 'delta_period_i', 'Power_rate_1_4', 'Power_rate_4', 'Harmonics_mse_r', 'Harmonics_chi_r', 'Harmonics_phase_2_r', 'Harmonics_phase_3_r', 'Harmonics_phase_4_r', 'Harmonics_mse_i', 'Harmonics_phase_2_i', 'Harmonics_phase_3_i', 'Harmonics_phase_4_i', 'Harmonics_mse_z', 'Harmonics_chi_z', 'Harmonics_phase_2_z', 'Harmonics_phase_3_z', 'Harmonics_phase_4_z', 'SPM_A_g', 'SPM_A_r', 'SPM_A_i', 'SPM_A_z', 'SPM_A_Y', 'SPM_chi_r', 'SPM_chi_i', 'SPM_chi_z')",0.01473296550627046,0.011462747695502568,0.005731373847751284
27,"(1, 2, 3, 5, 6, 10, 11, 17, 18, 19, 20, 21, 26, 28, 29, 30, 34, 35, 36, 42, 47, 52, 57, 62, 67, 68, 69)",[0.84457889 0.84178103 0.83991166 0.80400621 0.8350913 ],0.8330738155800577,"('r-i', 'i-z', 'Multiband_period', 'Harmonics_mag_6_i', 'Harmonics_mag_6_z', 'Period_band_i', 'delta_period_i', 'Power_rate_4', 'Harmonics_mse_r', 'Harmonics_chi_r', 'Harmonics_phase_2_r', 'Harmonics_phase_3_r', 'Harmonics_mse_i', 'Harmonics_phase_2_i', 'Harmonics_phase_3_i', 'Harmonics_phase_4_i', 'Harmonics_mse_z', 'Harmonics_chi_z', 'Harmonics_phase_2_z', 'SPM_A_g', 'SPM_A_r', 'SPM_A_i', 'SPM_A_z', 'SPM_A_Y', 'SPM_chi_r', 'SPM_chi_i', 'SPM_chi_z')",0.019098004502842898,0.014858896330849884,0.007429448165424943
26,"(1, 2, 3, 5, 6, 10, 11, 17, 18, 19, 20, 21, 26, 28, 29, 34, 35, 36, 42, 47, 52, 57, 62, 67, 68, 69)",[0.84247514 0.84292248 0.83744658 0.80475926 0.83776434],0.8330735603115477,"('r-i', 'i-z', 'Multiband_period', 'Harmonics_mag_6_i', 'Harmonics_mag_6_z', 'Period_band_i', 'delta_period_i', 'Power_rate_4', 'Harmonics_mse_r', 'Harmonics_chi_r', 'Harmonics_phase_2_r', 'Harmonics_phase_3_r', 'Harmonics_mse_i', 'Harmonics_phase_2_i', 'Harmonics_phase_3_i', 'Harmonics_mse_z', 'Harmonics_chi_z', 'Harmonics_phase_2_z', 'SPM_A_g', 'SPM_A_r', 'SPM_A_i', 'SPM_A_z', 'SPM_A_Y', 'SPM_chi_r', 'SPM_chi_i', 'SPM_chi_z')",0.018431424140124438,0.01434027416253175,0.007170137081265876
32,"(1, 2, 3, 5, 6, 10, 11, 12, 17, 18, 19, 20, 21, 22, 26, 27, 28, 29, 30, 34, 35, 36, 37, 38, 42, 47, 52, 57, 62, 67, 68, 69)",[0.85050054 0.83238004 0.83266646 0.80940049 0.8280497 ],0.8305994465646815,"('r-i', 'i-z', 'Multiband_period', 'Harmonics_mag_6_i', 'Harmonics_mag_6_z', 'Period_band_i', 'delta_period_i', 'Power_rate_1_4', 'Power_rate_4', 'Harmonics_mse_r', 'Harmonics_chi_r', 'Harmonics_phase_2_r', 'Harmonics_phase_3_r', 'Harmonics_phase_4_r', 'Harmonics_mse_i', 'Harmonics_chi_i', 'Harmonics_phase_2_i', 'Harmonics_phase_3_i', 'Harmonics_phase_4_i', 'Harmonics_mse_z', 'Harmonics_chi_z', 'Harmonics_phase_2_z', 'Harmonics_phase_3_z', 'Harmonics_phase_4_z', 'SPM_A_g', 'SPM_A_r', 'SPM_A_i', 'SPM_A_z', 'SPM_A_Y', 'SPM_chi_r', 'SPM_chi_i', 'SPM_chi_z')",0.016850487717384097,0.013110251915565238,0.006555125957782619
33,"(1, 2, 3, 5, 6, 10, 11, 12, 17, 18, 19, 20, 21, 22, 23, 26, 27, 28, 29, 30, 34, 35, 36, 37, 38, 42, 47, 52, 57, 62, 67, 68, 69)",[0.83907818 0.82416742 0.83511971 0.81062778 0.8242887 ],0.8266563579879979,"('r-i', 'i-z', 'Multiband_period', 'Harmonics_mag_6_i', 'Harmonics_mag_6_z', 'Period_band_i', 'delta_period_i', 'Power_rate_1_4', 'Power_rate_4', 'Harmonics_mse_r', 'Harmonics_chi_r', 'Harmonics_phase_2_r', 'Harmonics_phase_3_r', 'Harmonics_phase_4_r', 'Harmonics_phase_5_r', 'Harmonics_mse_i', 'Harmonics_chi_i', 'Harmonics_phase_2_i', 'Harmonics_phase_3_i', 'Harmonics_phase_4_i', 'Harmonics_mse_z', 'Harmonics_chi_z', 'Harmonics_phase_2_z', 'Harmonics_phase_3_z', 'Harmonics_phase_4_z', 'SPM_A_g', 'SPM_A_r', 'SPM_A_i', 'SPM_A_z', 'SPM_A_Y', 'SPM_chi_r', 'SPM_chi_i', 'SPM_chi_z')",0.012783907066201111,0.009946314012630237,0.0049731570063151175
34,"(1, 2, 3, 5, 6, 10, 11, 12, 17, 18, 19, 20, 21, 22, 23, 26, 27, 28, 29, 30, 34, 35, 36, 37, 38, 39, 42, 47, 52, 57, 62, 67, 68, 69)",[0.84084095 0.8269494  0.83069953 0.80729112 0.82107324],0.8253708456456981,"('r-i', 'i-z', 'Multiband_period', 'Harmonics_mag_6_i', 'Harmonics_mag_6_z', 'Period_band_i', 'delta_period_i', 'Power_rate_1_4', 'Power_rate_4', 'Harmonics_mse_r', 'Harmonics_chi_r', 'Harmonics_phase_2_r', 'Harmonics_phase_3_r', 'Harmonics_phase_4_r', 'Harmonics_phase_5_r', 'Harmonics_mse_i', 'Harmonics_chi_i', 'Harmonics_phase_2_i', 'Harmonics_phase_3_i', 'Harmonics_phase_4_i', 'Harmonics_mse_z', 'Harmonics_chi_z', 'Harmonics_phase_2_z', 'Harmonics_phase_3_z', 'Harmonics_phase_4_z', 'Harmonics_phase_5_z', 'SPM_A_g', 'SPM_A_r', 'SPM_A_i', 'SPM_A_z', 'SPM_A_Y', 'SPM_chi_r', 'SPM_chi_i', 'SPM_chi_z')",0.014261014315420418,0.011095553635148357,0.0055477768175741776
35,"(0, 1, 2, 3, 5, 6, 10, 11, 12, 17, 18, 19, 20, 21, 22, 23, 26, 27, 28, 29, 30, 34, 35, 36, 37, 38, 39, 42, 47, 52, 57, 62, 67, 68, 69)",[0.83575675 0.81797218 0.83014285 0.80458191 0.81664103],0.8210189453093084,"('g-r', 'r-i', 'i-z', 'Multiband_period', 'Harmonics_mag_6_i', 'Harmonics_mag_6_z', 'Period_band_i', 'delta_period_i', 'Power_rate_1_4', 'Power_rate_4', 'Harmonics_mse_r', 'Harmonics_chi_r', 'Harmonics_phase_2_r', 'Harmonics_phase_3_r', 'Harmonics_phase_4_r', 'Harmonics_phase_5_r', 'Harmonics_mse_i', 'Harmonics_chi_i', 'Harmonics_phase_2_i', 'Harmonics_phase_3_i', 'Harmonics_phase_4_i', 'Harmonics_mse_z', 'Harmonics_chi_z', 'Harmonics_phase_2_z', 'Harmonics_phase_3_z', 'Harmonics_phase_4_z', 'Harmonics_phase_5_z', 'SPM_A_g', 'SPM_A_r', 'SPM_A_i', 'SPM_A_z', 'SPM_A_Y', 'SPM_chi_r', 'SPM_chi_i', 'SPM_chi_z')",0.014068781302896126,0.01094598982056028,0.00547299491028014
40,"(0, 1, 2, 3, 4, 5, 6, 8, 10, 11, 12, 14, 15, 17, 18, 19, 20, 21, 22, 23, 26, 27, 28, 29, 30, 34, 35, 36, 37, 38, 39, 42, 47, 52, 57, 62, 67, 68, 69, 72)",[0.83631021 0.80969644 0.80460056 0.80861273 0.8247176 ],0.8167875057146624,"('g-r', 'r-i', 'i-z', 'Multiband_period', 'Harmonics_mag_6_r', 'Harmonics_mag_6_i', 'Harmonics_mag_6_z', 'positive_fraction_i', 'Period_band_i', 'delta_period_i', 'Power_rate_1_4', 'Power_rate_1_2', 'Power_rate_2', 'Power_rate_4', 'Harmonics_mse_r', 'Harmonics_chi_r', 'Harmonics_phase_2_r', 'Harmonics_phase_3_r', 'Harmonics_phase_4_r', 'Harmonics_phase_5_r', 'Harmonics_mse_i', 'Harmonics_chi_i', 'Harmonics_phase_2_i', 'Harmonics_phase_3_i', 'Harmonics_phase_4_i', 'Harmonics_mse_z', 'Harmonics_chi_z', 'Harmonics_phase_2_z', 'Harmonics_phase_3_z', 'Harmonics_phase_4_z', 'Harmonics_phase_5_z', 'SPM_A_g', 'SPM_A_r', 'SPM_A_i', 'SPM_A_z', 'SPM_A_Y', 'SPM_chi_r', 'SPM_chi_i', 'SPM_chi_z', 'Timespan')",0.01531228116595144,0.011913474960162927,0.0059567374800814634
39,"(0, 1, 2, 3, 4, 5, 6, 8, 10, 11, 12, 14, 17, 18, 19, 20, 21, 22, 23, 26, 27, 28, 29, 30, 34, 35, 36, 37, 38, 39, 42, 47, 52, 57, 62, 67, 68, 69, 72)",[0.83514406 0.81143084 0.80467666 0.80901005 0.8235766 ],0.8167676429953247,"('g-r', 'r-i', 'i-z', 'Multiband_period', 'Harmonics_mag_6_r', 'Harmonics_mag_6_i', 'Harmonics_mag_6_z', 'positive_fraction_i', 'Period_band_i', 'delta_period_i', 'Power_rate_1_4', 'Power_rate_1_2', 'Power_rate_4', 'Harmonics_mse_r', 'Harmonics_chi_r', 'Harmonics_phase_2_r', 'Harmonics_phase_3_r', 'Harmonics_phase_4_r', 'Harmonics_phase_5_r', 'Harmonics_mse_i', 'Harmonics_chi_i', 'Harmonics_phase_2_i', 'Harmonics_phase_3_i', 'Harmonics_phase_4_i', 'Harmonics_mse_z', 'Harmonics_chi_z', 'Harmonics_phase_2_z', 'Harmonics_phase_3_z', 'Harmonics_phase_4_z', 'Harmonics_phase_5_z', 'SPM_A_g', 'SPM_A_r', 'SPM_A_i', 'SPM_A_z', 'SPM_A_Y', 'SPM_chi_r', 'SPM_chi_i', 'SPM_chi_z', 'Timespan')",0.014299784990382581,0.011125718537447657,0.005562859268723828
38,"(0, 1, 2, 3, 4, 5, 6, 10, 11, 12, 14, 17, 18, 19, 20, 21, 22, 23, 26, 27, 28, 29, 30, 34, 35, 36, 37, 38, 39, 42, 47, 52, 57, 62, 67, 68, 69, 72)",[0.83546924 0.81160704 0.80315777 0.8074181  0.81856774],0.8152439794456388,"('g-r', 'r-i', 'i-z', 'Multiband_period', 'Harmonics_mag_6_r', 'Harmonics_mag_6_i', 'Harmonics_mag_6_z', 'Period_band_i', 'delta_period_i', 'Power_rate_1_4', 'Power_rate_1_2', 'Power_rate_4', 'Harmonics_mse_r', 'Harmonics_chi_r', 'Harmonics_phase_2_r', 'Harmonics_phase_3_r', 'Harmonics_phase_4_r', 'Harmonics_phase_5_r', 'Harmonics_mse_i', 'Harmonics_chi_i', 'Harmonics_phase_2_i', 'Harmonics_phase_3_i', 'Harmonics_phase_4_i', 'Harmonics_mse_z', 'Harmonics_chi_z', 'Harmonics_phase_2_z', 'Harmonics_phase_3_z', 'Harmonics_phase_4_z', 'Harmonics_phase_5_z', 'SPM_A_g', 'SPM_A_r', 'SPM_A_i', 'SPM_A_z', 'SPM_A_Y', 'SPM_chi_r', 'SPM_chi_i', 'SPM_chi_z', 'Timespan')",0.014548862663878835,0.011319509429488716,0.005659754714744358
41,"(0, 1, 2, 3, 4, 5, 6, 8, 10, 11, 12, 13, 14, 15, 17, 18, 19, 20, 21, 22, 23, 26, 27, 28, 29, 30, 34, 35, 36, 37, 38, 39, 42, 47, 52, 57, 62, 67, 68, 69, 72)",[0.83223651 0.81154068 0.80426759 0.80861273 0.81864521],0.8150605436783784,"('g-r', 'r-i', 'i-z', 'Multiband_period', 'Harmonics_mag_6_r', 'Harmonics_mag_6_i', 'Harmonics_mag_6_z', 'positive_fraction_i', 'Period_band_i', 'delta_period_i', 'Power_rate_1_4', 'Power_rate_1_3', 'Power_rate_1_2', 'Power_rate_2', 'Power_rate_4', 'Harmonics_mse_r', 'Harmonics_chi_r', 'Harmonics_phase_2_r', 'Harmonics_phase_3_r', 'Harmonics_phase_4_r', 'Harmonics_phase_5_r', 'Harmonics_mse_i', 'Harmonics_chi_i', 'Harmonics_phase_2_i', 'Harmonics_phase_3_i', 'Harmonics_phase_4_i', 'Harmonics_mse_z', 'Harmonics_chi_z', 'Harmonics_phase_2_z', 'Harmonics_phase_3_z', 'Harmonics_phase_4_z', 'Harmonics_phase_5_z', 'SPM_A_g', 'SPM_A_r', 'SPM_A_i', 'SPM_A_z', 'SPM_A_Y', 'SPM_chi_r', 'SPM_chi_i', 'SPM_chi_z', 'Timespan')",0.012571108377808974,0.009780749403527283,0.004890374701763641
36,"(0, 1, 2, 3, 4, 5, 6, 10, 11, 12, 17, 18, 19, 20, 21, 22, 23, 26, 27, 28, 29, 30, 34, 35, 36, 37, 38, 39, 42, 47, 52, 57, 62, 67, 68, 69)",[0.83378797 0.80592096 0.8251236  0.79825642 0.81161504],0.8149407974524758,"('g-r', 'r-i', 'i-z', 'Multiband_period', 'Harmonics_mag_6_r', 'Harmonics_mag_6_i', 'Harmonics_mag_6_z', 'Period_band_i', 'delta_period_i', 'Power_rate_1_4', 'Power_rate_4', 'Harmonics_mse_r', 'Harmonics_chi_r', 'Harmonics_phase_2_r', 'Harmonics_phase_3_r', 'Harmonics_phase_4_r', 'Harmonics_phase_5_r', 'Harmonics_mse_i', 'Harmonics_chi_i', 'Harmonics_phase_2_i', 'Harmonics_phase_3_i', 'Harmonics_phase_4_i', 'Harmonics_mse_z', 'Harmonics_chi_z', 'Harmonics_phase_2_z', 'Harmonics_phase_3_z', 'Harmonics_phase_4_z', 'Harmonics_phase_5_z', 'SPM_A_g', 'SPM_A_r', 'SPM_A_i', 'SPM_A_z', 'SPM_A_Y', 'SPM_chi_r', 'SPM_chi_i', 'SPM_chi_z')",0.016556742683307146,0.01288170829948212,0.00644085414974106
42,"(0, 1, 2, 3, 4, 5, 6, 8, 10, 11, 12, 13, 14, 15, 17, 18, 19, 20, 21, 22, 23, 26, 27, 28, 29, 30, 34, 35, 36, 37, 38, 39, 41, 42, 47, 52, 57, 62, 67, 68, 69, 72)",[0.82813404 0.81084661 0.80000707 0.8047833  0.81627328],0.8120088600387433,"('g-r', 'r-i', 'i-z', 'Multiband_period', 'Harmonics_mag_6_r', 'Harmonics_mag_6_i', 'Harmonics_mag_6_z', 'positive_fraction_i', 'Period_band_i', 'delta_period_i', 'Power_rate_1_4', 'Power_rate_1_3', 'Power_rate_1_2', 'Power_rate_2', 'Power_rate_4', 'Harmonics_mse_r', 'Harmonics_chi_r', 'Harmonics_phase_2_r', 'Harmonics_phase_3_r', 'Harmonics_phase_4_r', 'Harmonics_phase_5_r', 'Harmonics_mse_i', 'Harmonics_chi_i', 'Harmonics_phase_2_i', 'Harmonics_phase_3_i', 'Harmonics_phase_4_i', 'Harmonics_mse_z', 'Harmonics_chi_z', 'Harmonics_phase_2_z', 'Harmonics_phase_3_z', 'Harmonics_phase_4_z', 'Harmonics_phase_5_z', 'Harmonics_phase_7_z', 'SPM_A_g', 'SPM_A_r', 'SPM_A_i', 'SPM_A_z', 'SPM_A_Y', 'SPM_chi_r', 'SPM_chi_i', 'SPM_chi_z', 'Timespan')",0.012538133655851425,0.009755093949574863,0.004877546974787431
37,"(0, 1, 2, 3, 4, 5, 6, 10, 11, 12, 17, 18, 19, 20, 21, 22, 23, 26, 27, 28, 29, 30, 34, 35, 36, 37, 38, 39, 42, 47, 52, 57, 62, 67, 68, 69, 72)",[0.82865342 0.80878116 0.79657021 0.80879384 0.80576459],0.8097126456393694,"('g-r', 'r-i', 'i-z', 'Multiband_period', 'Harmonics_mag_6_r', 'Harmonics_mag_6_i', 'Harmonics_mag_6_z', 'Period_band_i', 'delta_period_i', 'Power_rate_1_4', 'Power_rate_4', 'Harmonics_mse_r', 'Harmonics_chi_r', 'Harmonics_phase_2_r', 'Harmonics_phase_3_r', 'Harmonics_phase_4_r', 'Harmonics_phase_5_r', 'Harmonics_mse_i', 'Harmonics_chi_i', 'Harmonics_phase_2_i', 'Harmonics_phase_3_i', 'Harmonics_phase_4_i', 'Harmonics_mse_z', 'Harmonics_chi_z', 'Harmonics_phase_2_z', 'Harmonics_phase_3_z', 'Harmonics_phase_4_z', 'Harmonics_phase_5_z', 'SPM_A_g', 'SPM_A_r', 'SPM_A_i', 'SPM_A_z', 'SPM_A_Y', 'SPM_chi_r', 'SPM_chi_i', 'SPM_chi_z', 'Timespan')",0.013465228966118152,0.010476405597711704,0.005238202798855851
43,"(0, 1, 2, 3, 4, 5, 6, 8, 10, 11, 12, 13, 14, 15, 17, 18, 19, 20, 21, 22, 23, 26, 27, 28, 29, 30, 31, 34, 35, 36, 37, 38, 39, 41, 42, 47, 52, 57, 62, 67, 68, 69, 72)",[0.82040981 0.81083455 0.79941056 0.80270997 0.80460667],0.8075943106694219,"('g-r', 'r-i', 'i-z', 'Multiband_period', 'Harmonics_mag_6_r', 'Harmonics_mag_6_i', 'Harmonics_mag_6_z', 'positive_fraction_i', 'Period_band_i', 'delta_period_i', 'Power_rate_1_4', 'Power_rate_1_3', 'Power_rate_1_2', 'Power_rate_2', 'Power_rate_4', 'Harmonics_mse_r', 'Harmonics_chi_r', 'Harmonics_phase_2_r', 'Harmonics_phase_3_r', 'Harmonics_phase_4_r', 'Harmonics_phase_5_r', 'Harmonics_mse_i', 'Harmonics_chi_i', 'Harmonics_phase_2_i', 'Harmonics_phase_3_i', 'Harmonics_phase_4_i', 'Harmonics_phase_5_i', 'Harmonics_mse_z', 'Harmonics_chi_z', 'Harmonics_phase_2_z', 'Harmonics_phase_3_z', 'Harmonics_phase_4_z', 'Harmonics_phase_5_z', 'Harmonics_phase_7_z', 'SPM_A_g', 'SPM_A_r', 'SPM_A_i', 'SPM_A_z', 'SPM_A_Y', 'SPM_chi_r', 'SPM_chi_i', 'SPM_chi_z', 'Timespan')",0.009523177759526368,0.007409355833380058,0.003704677916690028
44,"(0, 1, 2, 3, 4, 5, 6, 8, 10, 11, 12, 13, 14, 15, 17, 18, 19, 20, 21, 22, 23, 26, 27, 28, 29, 30, 31, 34, 35, 36, 37, 38, 39, 41, 42, 47, 51, 52, 57, 62, 67, 68, 69, 72)",[0.82582603 0.79927221 0.79529464 0.79778828 0.799159  ],0.803468032072294,"('g-r', 'r-i', 'i-z', 'Multiband_period', 'Harmonics_mag_6_r', 'Harmonics_mag_6_i', 'Harmonics_mag_6_z', 'positive_fraction_i', 'Period_band_i', 'delta_period_i', 'Power_rate_1_4', 'Power_rate_1_3', 'Power_rate_1_2', 'Power_rate_2', 'Power_rate_4', 'Harmonics_mse_r', 'Harmonics_chi_r', 'Harmonics_phase_2_r', 'Harmonics_phase_3_r', 'Harmonics_phase_4_r', 'Harmonics_phase_5_r', 'Harmonics_mse_i', 'Harmonics_chi_i', 'Harmonics_phase_2_i', 'Harmonics_phase_3_i', 'Harmonics_phase_4_i', 'Harmonics_phase_5_i', 'Harmonics_mse_z', 'Harmonics_chi_z', 'Harmonics_phase_2_z', 'Harmonics_phase_3_z', 'Harmonics_phase_4_z', 'Harmonics_phase_5_z', 'Harmonics_phase_7_z', 'SPM_A_g', 'SPM_A_r', 'SPM_tau_fall_r', 'SPM_A_i', 'SPM_A_z', 'SPM_A_Y', 'SPM_chi_r', 'SPM_chi_i', 'SPM_chi_z', 'Timespan')",0.014485825563932875,0.011270464424134624,0.005635232212067311
45,"(0, 1, 2, 3, 4, 5, 6, 8, 10, 11, 12, 13, 14, 15, 16, 17, 18, 19, 20, 21, 22, 23, 26, 27, 28, 29, 30, 31, 34, 35, 36, 37, 38, 39, 41, 42, 47, 51, 52, 57, 62, 67, 68, 69, 72)",[0.81586746 0.80268197 0.78220418 0.78921868 0.79657184],0.7973088251857016,"('g-r', 'r-i', 'i-z', 'Multiband_period', 'Harmonics_mag_6_r', 'Harmonics_mag_6_i', 'Harmonics_mag_6_z', 'positive_fraction_i', 'Period_band_i', 'delta_period_i', 'Power_rate_1_4', 'Power_rate_1_3', 'Power_rate_1_2', 'Power_rate_2', 'Power_rate_3', 'Power_rate_4', 'Harmonics_mse_r', 'Harmonics_chi_r', 'Harmonics_phase_2_r', 'Harmonics_phase_3_r', 'Harmonics_phase_4_r', 'Harmonics_phase_5_r', 'Harmonics_mse_i', 'Harmonics_chi_i', 'Harmonics_phase_2_i', 'Harmonics_phase_3_i', 'Harmonics_phase_4_i', 'Harmonics_phase_5_i', 'Harmonics_mse_z', 'Harmonics_chi_z', 'Harmonics_phase_2_z', 'Harmonics_phase_3_z', 'Harmonics_phase_4_z', 'Harmonics_phase_5_z', 'Harmonics_phase_7_z', 'SPM_A_g', 'SPM_A_r', 'SPM_tau_fall_r', 'SPM_A_i', 'SPM_A_z', 'SPM_A_Y', 'SPM_chi_r', 'SPM_chi_i', 'SPM_chi_z', 'Timespan')",0.014849839350516517,0.01155367951694923,0.0057768397584746145
46,"(0, 1, 2, 3, 4, 5, 6, 8, 10, 11, 12, 13, 14, 15, 16, 17, 18, 19, 20, 21, 22, 23, 24, 26, 27, 28, 29, 30, 31, 34, 35, 36, 37, 38, 39, 41, 42, 47, 51, 52, 57, 62, 67, 68, 69, 72)",[0.80816449 0.79773408 0.78443606 0.78104648 0.79228295],0.7927328109179369,"('g-r', 'r-i', 'i-z', 'Multiband_period', 'Harmonics_mag_6_r', 'Harmonics_mag_6_i', 'Harmonics_mag_6_z', 'positive_fraction_i', 'Period_band_i', 'delta_period_i', 'Power_rate_1_4', 'Power_rate_1_3', 'Power_rate_1_2', 'Power_rate_2', 'Power_rate_3', 'Power_rate_4', 'Harmonics_mse_r', 'Harmonics_chi_r', 'Harmonics_phase_2_r', 'Harmonics_phase_3_r', 'Harmonics_phase_4_r', 'Harmonics_phase_5_r', 'Harmonics_phase_6_r', 'Harmonics_mse_i', 'Harmonics_chi_i', 'Harmonics_phase_2_i', 'Harmonics_phase_3_i', 'Harmonics_phase_4_i', 'Harmonics_phase_5_i', 'Harmonics_mse_z', 'Harmonics_chi_z', 'Harmonics_phase_2_z', 'Harmonics_phase_3_z', 'Harmonics_phase_4_z', 'Harmonics_phase_5_z', 'Harmonics_phase_7_z', 'SPM_A_g', 'SPM_A_r', 'SPM_tau_fall_r', 'SPM_A_i', 'SPM_A_z', 'SPM_A_Y', 'SPM_chi_r', 'SPM_chi_i', 'SPM_chi_z', 'Timespan')",0.012444885347013978,0.009682543597320185,0.0048412717986600915
47,"(0, 1, 2, 3, 4, 5, 6, 7, 8, 10, 11, 12, 13, 14, 15, 16, 17, 18, 19, 20, 21, 22, 23, 24, 26, 27, 28, 29, 30, 31, 34, 35, 36, 37, 38, 39, 41, 42, 47, 51, 52, 57, 62, 67, 68, 69, 72)",[0.80807063 0.79563036 0.78411671 0.77197664 0.78382217],0.7887233009050136,"('g-r', 'r-i', 'i-z', 'Multiband_period', 'Harmonics_mag_6_r', 'Harmonics_mag_6_i', 'Harmonics_mag_6_z', 'SPM_t0_Y', 'positive_fraction_i', 'Period_band_i', 'delta_period_i', 'Power_rate_1_4', 'Power_rate_1_3', 'Power_rate_1_2', 'Power_rate_2', 'Power_rate_3', 'Power_rate_4', 'Harmonics_mse_r', 'Harmonics_chi_r', 'Harmonics_phase_2_r', 'Harmonics_phase_3_r', 'Harmonics_phase_4_r', 'Harmonics_phase_5_r', 'Harmonics_phase_6_r', 'Harmonics_mse_i', 'Harmonics_chi_i', 'Harmonics_phase_2_i', 'Harmonics_phase_3_i', 'Harmonics_phase_4_i', 'Harmonics_phase_5_i', 'Harmonics_mse_z', 'Harmonics_chi_z', 'Harmonics_phase_2_z', 'Harmonics_phase_3_z', 'Harmonics_phase_4_z', 'Harmonics_phase_5_z', 'Harmonics_phase_7_z', 'SPM_A_g', 'SPM_A_r', 'SPM_tau_fall_r', 'SPM_A_i', 'SPM_A_z', 'SPM_A_Y', 'SPM_chi_r', 'SPM_chi_i', 'SPM_chi_z', 'Timespan')",0.015717580335011413,0.012228811483156483,0.006114405741578241
48,"(0, 1, 2, 3, 4, 5, 6, 7, 8, 10, 11, 12, 13, 14, 15, 16, 17, 18, 19, 20, 21, 22, 23, 24, 26, 27, 28, 29, 30, 31, 32, 34, 35, 36, 37, 38, 39, 41, 42, 47, 51, 52, 57, 62, 67, 68, 69, 72)",[0.80393129 0.79109844 0.77595543 0.76973433 0.77904561],0.7839530178956915,"('g-r', 'r-i', 'i-z', 'Multiband_period', 'Harmonics_mag_6_r', 'Harmonics_mag_6_i', 'Harmonics_mag_6_z', 'SPM_t0_Y', 'positive_fraction_i', 'Period_band_i', 'delta_period_i', 'Power_rate_1_4', 'Power_rate_1_3', 'Power_rate_1_2', 'Power_rate_2', 'Power_rate_3', 'Power_rate_4', 'Harmonics_mse_r', 'Harmonics_chi_r', 'Harmonics_phase_2_r', 'Harmonics_phase_3_r', 'Harmonics_phase_4_r', 'Harmonics_phase_5_r', 'Harmonics_phase_6_r', 'Harmonics_mse_i', 'Harmonics_chi_i', 'Harmonics_phase_2_i', 'Harmonics_phase_3_i', 'Harmonics_phase_4_i', 'Harmonics_phase_5_i', 'Harmonics_phase_6_i', 'Harmonics_mse_z', 'Harmonics_chi_z', 'Harmonics_phase_2_z', 'Harmonics_phase_3_z', 'Harmonics_phase_4_z', 'Harmonics_phase_5_z', 'Harmonics_phase_7_z', 'SPM_A_g', 'SPM_A_r', 'SPM_tau_fall_r', 'SPM_A_i', 'SPM_A_z', 'SPM_A_Y', 'SPM_chi_r', 'SPM_chi_i', 'SPM_chi_z', 'Timespan')",0.015640503225151228,0.012168842873099682,0.00608442143654984
49,"(0, 1, 2, 3, 4, 5, 6, 7, 8, 10, 11, 12, 13, 14, 15, 16, 17, 18, 19, 20, 21, 22, 23, 24, 26, 27, 28, 29, 30, 31, 32, 33, 34, 35, 36, 37, 38, 39, 41, 42, 47, 51, 52, 57, 62, 67, 68, 69, 72)",[0.80183721 0.78329365 0.78117448 0.76104237 0.77345018],0.7801595790948332,"('g-r', 'r-i', 'i-z', 'Multiband_period', 'Harmonics_mag_6_r', 'Harmonics_mag_6_i', 'Harmonics_mag_6_z', 'SPM_t0_Y', 'positive_fraction_i', 'Period_band_i', 'delta_period_i', 'Power_rate_1_4', 'Power_rate_1_3', 'Power_rate_1_2', 'Power_rate_2', 'Power_rate_3', 'Power_rate_4', 'Harmonics_mse_r', 'Harmonics_chi_r', 'Harmonics_phase_2_r', 'Harmonics_phase_3_r', 'Harmonics_phase_4_r', 'Harmonics_phase_5_r', 'Harmonics_phase_6_r', 'Harmonics_mse_i', 'Harmonics_chi_i', 'Harmonics_phase_2_i', 'Harmonics_phase_3_i', 'Harmonics_phase_4_i', 'Harmonics_phase_5_i', 'Harmonics_phase_6_i', 'Harmonics_phase_7_i', 'Harmonics_mse_z', 'Harmonics_chi_z', 'Harmonics_phase_2_z', 'Harmonics_phase_3_z', 'Harmonics_phase_4_z', 'Harmonics_phase_5_z', 'Harmonics_phase_7_z', 'SPM_A_g', 'SPM_A_r', 'SPM_tau_fall_r', 'SPM_A_i', 'SPM_A_z', 'SPM_A_Y', 'SPM_chi_r', 'SPM_chi_i', 'SPM_chi_z', 'Timespan')",0.017160013698801282,0.013351073644814382,0.00667553682240719
50,"(0, 1, 2, 3, 4, 5, 6, 7, 8, 10, 11, 12, 13, 14, 15, 16, 17, 18, 19, 20, 21, 22, 23, 24, 26, 27, 28, 29, 30, 31, 32, 33, 34, 35, 36, 37, 38, 39, 41, 42, 47, 51, 52, 57, 62, 67, 68, 69, 70, 72)",[0.79562277 0.778754   0.7763315  0.74891067 0.76465594],0.7728549767426366,"('g-r', 'r-i', 'i-z', 'Multiband_period', 'Harmonics_mag_6_r', 'Harmonics_mag_6_i', 'Harmonics_mag_6_z', 'SPM_t0_Y', 'positive_fraction_i', 'Period_band_i', 'delta_period_i', 'Power_rate_1_4', 'Power_rate_1_3', 'Power_rate_1_2', 'Power_rate_2', 'Power_rate_3', 'Power_rate_4', 'Harmonics_mse_r', 'Harmonics_chi_r', 'Harmonics_phase_2_r', 'Harmonics_phase_3_r', 'Harmonics_phase_4_r', 'Harmonics_phase_5_r', 'Harmonics_phase_6_r', 'Harmonics_mse_i', 'Harmonics_chi_i', 'Harmonics_phase_2_i', 'Harmonics_phase_3_i', 'Harmonics_phase_4_i', 'Harmonics_phase_5_i', 'Harmonics_phase_6_i', 'Harmonics_phase_7_i', 'Harmonics_mse_z', 'Harmonics_chi_z', 'Harmonics_phase_2_z', 'Harmonics_phase_3_z', 'Harmonics_phase_4_z', 'Harmonics_phase_5_z', 'Harmonics_phase_7_z', 'SPM_A_g', 'SPM_A_r', 'SPM_tau_fall_r', 'SPM_A_i', 'SPM_A_z', 'SPM_A_Y', 'SPM_chi_r', 'SPM_chi_i', 'SPM_chi_z', 'positive_fraction_g', 'Timespan')",0.019959795334577483,0.015529398876061608,0.007764699438030804
51,"(0, 1, 2, 3, 4, 5, 6, 7, 8, 10, 11, 12, 13, 14, 15, 16, 17, 18, 19, 20, 21, 22, 23, 24, 26, 27, 28, 29, 30, 31, 32, 33, 34, 35, 36, 37, 38, 39, 41, 42, 47, 51, 52, 57, 61, 62, 67, 68, 69, 70, 72)",[0.78684683 0.77850988 0.7679925  0.75511027 0.74514448],0.7667207910497561,"('g-r', 'r-i', 'i-z', 'Multiband_period', 'Harmonics_mag_6_r', 'Harmonics_mag_6_i', 'Harmonics_mag_6_z', 'SPM_t0_Y', 'positive_fraction_i', 'Period_band_i', 'delta_period_i', 'Power_rate_1_4', 'Power_rate_1_3', 'Power_rate_1_2', 'Power_rate_2', 'Power_rate_3', 'Power_rate_4', 'Harmonics_mse_r', 'Harmonics_chi_r', 'Harmonics_phase_2_r', 'Harmonics_phase_3_r', 'Harmonics_phase_4_r', 'Harmonics_phase_5_r', 'Harmonics_phase_6_r', 'Harmonics_mse_i', 'Harmonics_chi_i', 'Harmonics_phase_2_i', 'Harmonics_phase_3_i', 'Harmonics_phase_4_i', 'Harmonics_phase_5_i', 'Harmonics_phase_6_i', 'Harmonics_phase_7_i', 'Harmonics_mse_z', 'Harmonics_chi_z', 'Harmonics_phase_2_z', 'Harmonics_phase_3_z', 'Harmonics_phase_4_z', 'Harmonics_phase_5_z', 'Harmonics_phase_7_z', 'SPM_A_g', 'SPM_A_r', 'SPM_tau_fall_r', 'SPM_A_i', 'SPM_A_z', 'SPM_tau_fall_z', 'SPM_A_Y', 'SPM_chi_r', 'SPM_chi_i', 'SPM_chi_z', 'positive_fraction_g', 'Timespan')",0.01945846063823223,0.015139343450169167,0.007569671725084583
52,"(0, 1, 2, 3, 4, 5, 6, 7, 8, 10, 11, 12, 13, 14, 15, 16, 17, 18, 19, 20, 21, 22, 23, 24, 26, 27, 28, 29, 30, 31, 32, 33, 34, 35, 36, 37, 38, 39, 41, 42, 47, 51, 52, 56, 57, 61, 62, 67, 68, 69, 70, 72)",[0.78049203 0.77516318 0.75541815 0.74993989 0.7418197 ],0.7605665899923242,"('g-r', 'r-i', 'i-z', 'Multiband_period', 'Harmonics_mag_6_r', 'Harmonics_mag_6_i', 'Harmonics_mag_6_z', 'SPM_t0_Y', 'positive_fraction_i', 'Period_band_i', 'delta_period_i', 'Power_rate_1_4', 'Power_rate_1_3', 'Power_rate_1_2', 'Power_rate_2', 'Power_rate_3', 'Power_rate_4', 'Harmonics_mse_r', 'Harmonics_chi_r', 'Harmonics_phase_2_r', 'Harmonics_phase_3_r', 'Harmonics_phase_4_r', 'Harmonics_phase_5_r', 'Harmonics_phase_6_r', 'Harmonics_mse_i', 'Harmonics_chi_i', 'Harmonics_phase_2_i', 'Harmonics_phase_3_i', 'Harmonics_phase_4_i', 'Harmonics_phase_5_i', 'Harmonics_phase_6_i', 'Harmonics_phase_7_i', 'Harmonics_mse_z', 'Harmonics_chi_z', 'Harmonics_phase_2_z', 'Harmonics_phase_3_z', 'Harmonics_phase_4_z', 'Harmonics_phase_5_z', 'Harmonics_phase_7_z', 'SPM_A_g', 'SPM_A_r', 'SPM_tau_fall_r', 'SPM_A_i', 'SPM_tau_fall_i', 'SPM_A_z', 'SPM_tau_fall_z', 'SPM_A_Y', 'SPM_chi_r', 'SPM_chi_i', 'SPM_chi_z', 'positive_fraction_g', 'Timespan')",0.01907228439952807,0.014838885216666892,0.007419442608333445
53,"(0, 1, 2, 3, 4, 5, 6, 7, 8, 9, 10, 11, 12, 13, 14, 15, 16, 17, 18, 19, 20, 21, 22, 23, 24, 26, 27, 28, 29, 30, 31, 32, 33, 34, 35, 36, 37, 38, 39, 41, 42, 47, 51, 52, 56, 57, 61, 62, 67, 68, 69, 70, 72)",[0.78049203 0.76899597 0.75764523 0.74753556 0.72785999],0.7565057564124387,"('g-r', 'r-i', 'i-z', 'Multiband_period', 'Harmonics_mag_6_r', 'Harmonics_mag_6_i', 'Harmonics_mag_6_z', 'SPM_t0_Y', 'positive_fraction_i', 'PPE', 'Period_band_i', 'delta_period_i', 'Power_rate_1_4', 'Power_rate_1_3', 'Power_rate_1_2', 'Power_rate_2', 'Power_rate_3', 'Power_rate_4', 'Harmonics_mse_r', 'Harmonics_chi_r', 'Harmonics_phase_2_r', 'Harmonics_phase_3_r', 'Harmonics_phase_4_r', 'Harmonics_phase_5_r', 'Harmonics_phase_6_r', 'Harmonics_mse_i', 'Harmonics_chi_i', 'Harmonics_phase_2_i', 'Harmonics_phase_3_i', 'Harmonics_phase_4_i', 'Harmonics_phase_5_i', 'Harmonics_phase_6_i', 'Harmonics_phase_7_i', 'Harmonics_mse_z', 'Harmonics_chi_z', 'Harmonics_phase_2_z', 'Harmonics_phase_3_z', 'Harmonics_phase_4_z', 'Harmonics_phase_5_z', 'Harmonics_phase_7_z', 'SPM_A_g', 'SPM_A_r', 'SPM_tau_fall_r', 'SPM_A_i', 'SPM_tau_fall_i', 'SPM_A_z', 'SPM_tau_fall_z', 'SPM_A_Y', 'SPM_chi_r', 'SPM_chi_i', 'SPM_chi_z', 'positive_fraction_g', 'Timespan')",0.02323278154261665,0.018075893340984164,0.009037946670492082
54,"(0, 1, 2, 3, 4, 5, 6, 7, 8, 9, 10, 11, 12, 13, 14, 15, 16, 17, 18, 19, 20, 21, 22, 23, 24, 25, 26, 27, 28, 29, 30, 31, 32, 33, 34, 35, 36, 37, 38, 39, 41, 42, 47, 51, 52, 56, 57, 61, 62, 67, 68, 69, 70, 72)",[0.7736975  0.76602264 0.74818102 0.74664236 0.7234215 ],0.7515930041725893,"('g-r', 'r-i', 'i-z', 'Multiband_period', 'Harmonics_mag_6_r', 'Harmonics_mag_6_i', 'Harmonics_mag_6_z', 'SPM_t0_Y', 'positive_fraction_i', 'PPE', 'Period_band_i', 'delta_period_i', 'Power_rate_1_4', 'Power_rate_1_3', 'Power_rate_1_2', 'Power_rate_2', 'Power_rate_3', 'Power_rate_4', 'Harmonics_mse_r', 'Harmonics_chi_r', 'Harmonics_phase_2_r', 'Harmonics_phase_3_r', 'Harmonics_phase_4_r', 'Harmonics_phase_5_r', 'Harmonics_phase_6_r', 'Harmonics_phase_7_r', 'Harmonics_mse_i', 'Harmonics_chi_i', 'Harmonics_phase_2_i', 'Harmonics_phase_3_i', 'Harmonics_phase_4_i', 'Harmonics_phase_5_i', 'Harmonics_phase_6_i', 'Harmonics_phase_7_i', 'Harmonics_mse_z', 'Harmonics_chi_z', 'Harmonics_phase_2_z', 'Harmonics_phase_3_z', 'Harmonics_phase_4_z', 'Harmonics_phase_5_z', 'Harmonics_phase_7_z', 'SPM_A_g', 'SPM_A_r', 'SPM_tau_fall_r', 'SPM_A_i', 'SPM_tau_fall_i', 'SPM_A_z', 'SPM_tau_fall_z', 'SPM_A_Y', 'SPM_chi_r', 'SPM_chi_i', 'SPM_chi_z', 'positive_fraction_g', 'Timespan')",0.02245846821019058,0.017473451262158535,0.008736725631079268
55,"(0, 1, 2, 3, 4, 5, 6, 7, 8, 9, 10, 11, 12, 13, 14, 15, 16, 17, 18, 19, 20, 21, 22, 23, 24, 25, 26, 27, 28, 29, 30, 31, 32, 33, 34, 35, 36, 37, 38, 39, 40, 41, 42, 47, 51, 52, 56, 57, 61, 62, 67, 68, 69, 70, 72)",[0.76570342 0.75974843 0.74528119 0.74410253 0.71703803],0.7463747189060739,"('g-r', 'r-i', 'i-z', 'Multiband_period', 'Harmonics_mag_6_r', 'Harmonics_mag_6_i', 'Harmonics_mag_6_z', 'SPM_t0_Y', 'positive_fraction_i', 'PPE', 'Period_band_i', 'delta_period_i', 'Power_rate_1_4', 'Power_rate_1_3', 'Power_rate_1_2', 'Power_rate_2', 'Power_rate_3', 'Power_rate_4', 'Harmonics_mse_r', 'Harmonics_chi_r', 'Harmonics_phase_2_r', 'Harmonics_phase_3_r', 'Harmonics_phase_4_r', 'Harmonics_phase_5_r', 'Harmonics_phase_6_r', 'Harmonics_phase_7_r', 'Harmonics_mse_i', 'Harmonics_chi_i', 'Harmonics_phase_2_i', 'Harmonics_phase_3_i', 'Harmonics_phase_4_i', 'Harmonics_phase_5_i', 'Harmonics_phase_6_i', 'Harmonics_phase_7_i', 'Harmonics_mse_z', 'Harmonics_chi_z', 'Harmonics_phase_2_z', 'Harmonics_phase_3_z', 'Harmonics_phase_4_z', 'Harmonics_phase_5_z', 'Harmonics_phase_6_z', 'Harmonics_phase_7_z', 'SPM_A_g', 'SPM_A_r', 'SPM_tau_fall_r', 'SPM_A_i', 'SPM_tau_fall_i', 'SPM_A_z', 'SPM_tau_fall_z', 'SPM_A_Y', 'SPM_chi_r', 'SPM_chi_i', 'SPM_chi_z', 'positive_fraction_g', 'Timespan')",0.021655949552043863,0.016849064481686278,0.008424532240843137
56,"(0, 1, 2, 3, 4, 5, 6, 7, 8, 9, 10, 11, 12, 13, 14, 15, 16, 17, 18, 19, 20, 21, 22, 23, 24, 25, 26, 27, 28, 29, 30, 31, 32, 33, 34, 35, 36, 37, 38, 39, 40, 41, 42, 47, 51, 52, 54, 56, 57, 61, 62, 67, 68, 69, 70, 72)",[0.76069537 0.75315237 0.74293293 0.73690634 0.71446654],0.7416307089623448,"('g-r', 'r-i', 'i-z', 'Multiband_period', 'Harmonics_mag_6_r', 'Harmonics_mag_6_i', 'Harmonics_mag_6_z', 'SPM_t0_Y', 'positive_fraction_i', 'PPE', 'Period_band_i', 'delta_period_i', 'Power_rate_1_4', 'Power_rate_1_3', 'Power_rate_1_2', 'Power_rate_2', 'Power_rate_3', 'Power_rate_4', 'Harmonics_mse_r', 'Harmonics_chi_r', 'Harmonics_phase_2_r', 'Harmonics_phase_3_r', 'Harmonics_phase_4_r', 'Harmonics_phase_5_r', 'Harmonics_phase_6_r', 'Harmonics_phase_7_r', 'Harmonics_mse_i', 'Harmonics_chi_i', 'Harmonics_phase_2_i', 'Harmonics_phase_3_i', 'Harmonics_phase_4_i', 'Harmonics_phase_5_i', 'Harmonics_phase_6_i', 'Harmonics_phase_7_i', 'Harmonics_mse_z', 'Harmonics_chi_z', 'Harmonics_phase_2_z', 'Harmonics_phase_3_z', 'Harmonics_phase_4_z', 'Harmonics_phase_5_z', 'Harmonics_phase_6_z', 'Harmonics_phase_7_z', 'SPM_A_g', 'SPM_A_r', 'SPM_tau_fall_r', 'SPM_A_i', 'SPM_beta_i', 'SPM_tau_fall_i', 'SPM_A_z', 'SPM_tau_fall_z', 'SPM_A_Y', 'SPM_chi_r', 'SPM_chi_i', 'SPM_chi_z', 'positive_fraction_g', 'Timespan')",0.020388112449340016,0.015862644142813843,0.007931322071406921
57,"(0, 1, 2, 3, 4, 5, 6, 7, 8, 9, 10, 11, 12, 13, 14, 15, 16, 17, 18, 19, 20, 21, 22, 23, 24, 25, 26, 27, 28, 29, 30, 31, 32, 33, 34, 35, 36, 37, 38, 39, 40, 41, 42, 47, 48, 51, 52, 54, 56, 57, 61, 62, 67, 68, 69, 70, 72)",[0.75410149 0.74286886 0.74107076 0.72808118 0.71339826],0.7359041073144748,"('g-r', 'r-i', 'i-z', 'Multiband_period', 'Harmonics_mag_6_r', 'Harmonics_mag_6_i', 'Harmonics_mag_6_z', 'SPM_t0_Y', 'positive_fraction_i', 'PPE', 'Period_band_i', 'delta_period_i', 'Power_rate_1_4', 'Power_rate_1_3', 'Power_rate_1_2', 'Power_rate_2', 'Power_rate_3', 'Power_rate_4', 'Harmonics_mse_r', 'Harmonics_chi_r', 'Harmonics_phase_2_r', 'Harmonics_phase_3_r', 'Harmonics_phase_4_r', 'Harmonics_phase_5_r', 'Harmonics_phase_6_r', 'Harmonics_phase_7_r', 'Harmonics_mse_i', 'Harmonics_chi_i', 'Harmonics_phase_2_i', 'Harmonics_phase_3_i', 'Harmonics_phase_4_i', 'Harmonics_phase_5_i', 'Harmonics_phase_6_i', 'Harmonics_phase_7_i', 'Harmonics_mse_z', 'Harmonics_chi_z', 'Harmonics_phase_2_z', 'Harmonics_phase_3_z', 'Harmonics_phase_4_z', 'Harmonics_phase_5_z', 'Harmonics_phase_6_z', 'Harmonics_phase_7_z', 'SPM_A_g', 'SPM_A_r', 'SPM_gamma_r', 'SPM_tau_fall_r', 'SPM_A_i', 'SPM_beta_i', 'SPM_tau_fall_i', 'SPM_A_z', 'SPM_tau_fall_z', 'SPM_A_Y', 'SPM_chi_r', 'SPM_chi_i', 'SPM_chi_z', 'positive_fraction_g', 'Timespan')",0.017939442717945144,0.013957495901704657,0.006978747950852328
58,"(0, 1, 2, 3, 4, 5, 6, 7, 8, 9, 10, 11, 12, 13, 14, 15, 16, 17, 18, 19, 20, 21, 22, 23, 24, 25, 26, 27, 28, 29, 30, 31, 32, 33, 34, 35, 36, 37, 38, 39, 40, 41, 42, 47, 48, 51, 52, 54, 56, 57, 61, 62, 63, 67, 68, 69, 70, 72)",[0.74554877 0.73578549 0.73679357 0.72114125 0.71228616],0.7303110483742095,"('g-r', 'r-i', 'i-z', 'Multiband_period', 'Harmonics_mag_6_r', 'Harmonics_mag_6_i', 'Harmonics_mag_6_z', 'SPM_t0_Y', 'positive_fraction_i', 'PPE', 'Period_band_i', 'delta_period_i', 'Power_rate_1_4', 'Power_rate_1_3', 'Power_rate_1_2', 'Power_rate_2', 'Power_rate_3', 'Power_rate_4', 'Harmonics_mse_r', 'Harmonics_chi_r', 'Harmonics_phase_2_r', 'Harmonics_phase_3_r', 'Harmonics_phase_4_r', 'Harmonics_phase_5_r', 'Harmonics_phase_6_r', 'Harmonics_phase_7_r', 'Harmonics_mse_i', 'Harmonics_chi_i', 'Harmonics_phase_2_i', 'Harmonics_phase_3_i', 'Harmonics_phase_4_i', 'Harmonics_phase_5_i', 'Harmonics_phase_6_i', 'Harmonics_phase_7_i', 'Harmonics_mse_z', 'Harmonics_chi_z', 'Harmonics_phase_2_z', 'Harmonics_phase_3_z', 'Harmonics_phase_4_z', 'Harmonics_phase_5_z', 'Harmonics_phase_6_z', 'Harmonics_phase_7_z', 'SPM_A_g', 'SPM_A_r', 'SPM_gamma_r', 'SPM_tau_fall_r', 'SPM_A_i', 'SPM_beta_i', 'SPM_tau_fall_i', 'SPM_A_z', 'SPM_tau_fall_z', 'SPM_A_Y', 'SPM_gamma_Y', 'SPM_chi_r', 'SPM_chi_i', 'SPM_chi_z', 'positive_fraction_g', 'Timespan')",0.015350080613552206,0.011942884214578989,0.005971442107289494
59,"(0, 1, 2, 3, 4, 5, 6, 7, 8, 9, 10, 11, 12, 13, 14, 15, 16, 17, 18, 19, 20, 21, 22, 23, 24, 25, 26, 27, 28, 29, 30, 31, 32, 33, 34, 35, 36, 37, 38, 39, 40, 41, 42, 47, 48, 51, 52, 54, 56, 57, 58, 61, 62, 63, 67, 68, 69, 70, 72)",[0.74124772 0.73085132 0.72713706 0.71657959 0.70125021],0.7234131800755774,"('g-r', 'r-i', 'i-z', 'Multiband_period', 'Harmonics_mag_6_r', 'Harmonics_mag_6_i', 'Harmonics_mag_6_z', 'SPM_t0_Y', 'positive_fraction_i', 'PPE', 'Period_band_i', 'delta_period_i', 'Power_rate_1_4', 'Power_rate_1_3', 'Power_rate_1_2', 'Power_rate_2', 'Power_rate_3', 'Power_rate_4', 'Harmonics_mse_r', 'Harmonics_chi_r', 'Harmonics_phase_2_r', 'Harmonics_phase_3_r', 'Harmonics_phase_4_r', 'Harmonics_phase_5_r', 'Harmonics_phase_6_r', 'Harmonics_phase_7_r', 'Harmonics_mse_i', 'Harmonics_chi_i', 'Harmonics_phase_2_i', 'Harmonics_phase_3_i', 'Harmonics_phase_4_i', 'Harmonics_phase_5_i', 'Harmonics_phase_6_i', 'Harmonics_phase_7_i', 'Harmonics_mse_z', 'Harmonics_chi_z', 'Harmonics_phase_2_z', 'Harmonics_phase_3_z', 'Harmonics_phase_4_z', 'Harmonics_phase_5_z', 'Harmonics_phase_6_z', 'Harmonics_phase_7_z', 'SPM_A_g', 'SPM_A_r', 'SPM_gamma_r', 'SPM_tau_fall_r', 'SPM_A_i', 'SPM_beta_i', 'SPM_tau_fall_i', 'SPM_A_z', 'SPM_gamma_z', 'SPM_tau_fall_z', 'SPM_A_Y', 'SPM_gamma_Y', 'SPM_chi_r', 'SPM_chi_i', 'SPM_chi_z', 'positive_fraction_g', 'Timespan')",0.017483347208840285,0.013602638100422516,0.006801319050211257
60,"(0, 1, 2, 3, 4, 5, 6, 7, 8, 9, 10, 11, 12, 13, 14, 15, 16, 17, 18, 19, 20, 21, 22, 23, 24, 25, 26, 27, 28, 29, 30, 31, 32, 33, 34, 35, 36, 37, 38, 39, 40, 41, 42, 47, 48, 51, 52, 54, 56, 57, 58, 61, 62, 63, 65, 67, 68, 69, 70, 72)",[0.73928611 0.73026092 0.72019845 0.71202227 0.69320729],0.7189950078713956,"('g-r', 'r-i', 'i-z', 'Multiband_period', 'Harmonics_mag_6_r', 'Harmonics_mag_6_i', 'Harmonics_mag_6_z', 'SPM_t0_Y', 'positive_fraction_i', 'PPE', 'Period_band_i', 'delta_period_i', 'Power_rate_1_4', 'Power_rate_1_3', 'Power_rate_1_2', 'Power_rate_2', 'Power_rate_3', 'Power_rate_4', 'Harmonics_mse_r', 'Harmonics_chi_r', 'Harmonics_phase_2_r', 'Harmonics_phase_3_r', 'Harmonics_phase_4_r', 'Harmonics_phase_5_r', 'Harmonics_phase_6_r', 'Harmonics_phase_7_r', 'Harmonics_mse_i', 'Harmonics_chi_i', 'Harmonics_phase_2_i', 'Harmonics_phase_3_i', 'Harmonics_phase_4_i', 'Harmonics_phase_5_i', 'Harmonics_phase_6_i', 'Harmonics_phase_7_i', 'Harmonics_mse_z', 'Harmonics_chi_z', 'Harmonics_phase_2_z', 'Harmonics_phase_3_z', 'Harmonics_phase_4_z', 'Harmonics_phase_5_z', 'Harmonics_phase_6_z', 'Harmonics_phase_7_z', 'SPM_A_g', 'SPM_A_r', 'SPM_gamma_r', 'SPM_tau_fall_r', 'SPM_A_i', 'SPM_beta_i', 'SPM_tau_fall_i', 'SPM_A_z', 'SPM_gamma_z', 'SPM_tau_fall_z', 'SPM_A_Y', 'SPM_gamma_Y', 'SPM_tau_rise_Y', 'SPM_chi_r', 'SPM_chi_i', 'SPM_chi_z', 'positive_fraction_g', 'Timespan')",0.020352481476505823,0.015834922035437033,0.007917461017718517
61,"(0, 1, 2, 3, 4, 5, 6, 7, 8, 9, 10, 11, 12, 13, 14, 15, 16, 17, 18, 19, 20, 21, 22, 23, 24, 25, 26, 27, 28, 29, 30, 31, 32, 33, 34, 35, 36, 37, 38, 39, 40, 41, 42, 43, 47, 48, 51, 52, 54, 56, 57, 58, 61, 62, 63, 65, 67, 68, 69, 70, 72)",[0.73905255 0.72420646 0.71139076 0.70238433 0.69129044],0.7136649105926358,"('g-r', 'r-i', 'i-z', 'Multiband_period', 'Harmonics_mag_6_r', 'Harmonics_mag_6_i', 'Harmonics_mag_6_z', 'SPM_t0_Y', 'positive_fraction_i', 'PPE', 'Period_band_i', 'delta_period_i', 'Power_rate_1_4', 'Power_rate_1_3', 'Power_rate_1_2', 'Power_rate_2', 'Power_rate_3', 'Power_rate_4', 'Harmonics_mse_r', 'Harmonics_chi_r', 'Harmonics_phase_2_r', 'Harmonics_phase_3_r', 'Harmonics_phase_4_r', 'Harmonics_phase_5_r', 'Harmonics_phase_6_r', 'Harmonics_phase_7_r', 'Harmonics_mse_i', 'Harmonics_chi_i', 'Harmonics_phase_2_i', 'Harmonics_phase_3_i', 'Harmonics_phase_4_i', 'Harmonics_phase_5_i', 'Harmonics_phase_6_i', 'Harmonics_phase_7_i', 'Harmonics_mse_z', 'Harmonics_chi_z', 'Harmonics_phase_2_z', 'Harmonics_phase_3_z', 'Harmonics_phase_4_z', 'Harmonics_phase_5_z', 'Harmonics_phase_6_z', 'Harmonics_phase_7_z', 'SPM_A_g', 'SPM_gamma_g', 'SPM_A_r', 'SPM_gamma_r', 'SPM_tau_fall_r', 'SPM_A_i', 'SPM_beta_i', 'SPM_tau_fall_i', 'SPM_A_z', 'SPM_gamma_z', 'SPM_tau_fall_z', 'SPM_A_Y', 'SPM_gamma_Y', 'SPM_tau_rise_Y', 'SPM_chi_r', 'SPM_chi_i', 'SPM_chi_z', 'positive_fraction_g', 'Timespan')",0.021420031530426216,0.016665512245887294,0.008332756122943647
62,"(0, 1, 2, 3, 4, 5, 6, 7, 8, 9, 10, 11, 12, 13, 14, 15, 16, 17, 18, 19, 20, 21, 22, 23, 24, 25, 26, 27, 28, 29, 30, 31, 32, 33, 34, 35, 36, 37, 38, 39, 40, 41, 42, 43, 47, 48, 51, 52, 53, 54, 56, 57, 58, 61, 62, 63, 65, 67, 68, 69, 70, 72)",[0.73471735 0.7224236  0.70441673 0.69349279 0.68589482],0.7081890592307662,"('g-r', 'r-i', 'i-z', 'Multiband_period', 'Harmonics_mag_6_r', 'Harmonics_mag_6_i', 'Harmonics_mag_6_z', 'SPM_t0_Y', 'positive_fraction_i', 'PPE', 'Period_band_i', 'delta_period_i', 'Power_rate_1_4', 'Power_rate_1_3', 'Power_rate_1_2', 'Power_rate_2', 'Power_rate_3', 'Power_rate_4', 'Harmonics_mse_r', 'Harmonics_chi_r', 'Harmonics_phase_2_r', 'Harmonics_phase_3_r', 'Harmonics_phase_4_r', 'Harmonics_phase_5_r', 'Harmonics_phase_6_r', 'Harmonics_phase_7_r', 'Harmonics_mse_i', 'Harmonics_chi_i', 'Harmonics_phase_2_i', 'Harmonics_phase_3_i', 'Harmonics_phase_4_i', 'Harmonics_phase_5_i', 'Harmonics_phase_6_i', 'Harmonics_phase_7_i', 'Harmonics_mse_z', 'Harmonics_chi_z', 'Harmonics_phase_2_z', 'Harmonics_phase_3_z', 'Harmonics_phase_4_z', 'Harmonics_phase_5_z', 'Harmonics_phase_6_z', 'Harmonics_phase_7_z', 'SPM_A_g', 'SPM_gamma_g', 'SPM_A_r', 'SPM_gamma_r', 'SPM_tau_fall_r', 'SPM_A_i', 'SPM_gamma_i', 'SPM_beta_i', 'SPM_tau_fall_i', 'SPM_A_z', 'SPM_gamma_z', 'SPM_tau_fall_z', 'SPM_A_Y', 'SPM_gamma_Y', 'SPM_tau_rise_Y', 'SPM_chi_r', 'SPM_chi_i', 'SPM_chi_z', 'positive_fraction_g', 'Timespan')",0.023232260491368888,0.01807548794541143,0.009037743972705714
63,"(0, 1, 2, 3, 4, 5, 6, 7, 8, 9, 10, 11, 12, 13, 14, 15, 16, 17, 18, 19, 20, 21, 22, 23, 24, 25, 26, 27, 28, 29, 30, 31, 32, 33, 34, 35, 36, 37, 38, 39, 40, 41, 42, 43, 47, 48, 51, 52, 53, 54, 56, 57, 58, 61, 62, 63, 65, 66, 67, 68, 69, 70, 72)",[0.72352653 0.71631561 0.70242173 0.6860846  0.68589482],0.702848659472561,"('g-r', 'r-i', 'i-z', 'Multiband_period', 'Harmonics_mag_6_r', 'Harmonics_mag_6_i', 'Harmonics_mag_6_z', 'SPM_t0_Y', 'positive_fraction_i', 'PPE', 'Period_band_i', 'delta_period_i', 'Power_rate_1_4', 'Power_rate_1_3', 'Power_rate_1_2', 'Power_rate_2', 'Power_rate_3', 'Power_rate_4', 'Harmonics_mse_r', 'Harmonics_chi_r', 'Harmonics_phase_2_r', 'Harmonics_phase_3_r', 'Harmonics_phase_4_r', 'Harmonics_phase_5_r', 'Harmonics_phase_6_r', 'Harmonics_phase_7_r', 'Harmonics_mse_i', 'Harmonics_chi_i', 'Harmonics_phase_2_i', 'Harmonics_phase_3_i', 'Harmonics_phase_4_i', 'Harmonics_phase_5_i', 'Harmonics_phase_6_i', 'Harmonics_phase_7_i', 'Harmonics_mse_z', 'Harmonics_chi_z', 'Harmonics_phase_2_z', 'Harmonics_phase_3_z', 'Harmonics_phase_4_z', 'Harmonics_phase_5_z', 'Harmonics_phase_6_z', 'Harmonics_phase_7_z', 'SPM_A_g', 'SPM_gamma_g', 'SPM_A_r', 'SPM_gamma_r', 'SPM_tau_fall_r', 'SPM_A_i', 'SPM_gamma_i', 'SPM_beta_i', 'SPM_tau_fall_i', 'SPM_A_z', 'SPM_gamma_z', 'SPM_tau_fall_z', 'SPM_A_Y', 'SPM_gamma_Y', 'SPM_tau_rise_Y', 'SPM_tau_fall_Y', 'SPM_chi_r', 'SPM_chi_i', 'SPM_chi_z', 'positive_fraction_g', 'Timespan')",0.019724770156327735,0.01534654130273594,0.00767327065136797
64,"(0, 1, 2, 3, 4, 5, 6, 7, 8, 9, 10, 11, 12, 13, 14, 15, 16, 17, 18, 19, 20, 21, 22, 23, 24, 25, 26, 27, 28, 29, 30, 31, 32, 33, 34, 35, 36, 37, 38, 39, 40, 41, 42, 43, 47, 48, 51, 52, 53, 54, 56, 57, 58, 60, 61, 62, 63, 65, 66, 67, 68, 69, 70, 72)",[0.7211903  0.71616458 0.69920379 0.68207887 0.68405346],0.7005381983784,"('g-r', 'r-i', 'i-z', 'Multiband_period', 'Harmonics_mag_6_r', 'Harmonics_mag_6_i', 'Harmonics_mag_6_z', 'SPM_t0_Y', 'positive_fraction_i', 'PPE', 'Period_band_i', 'delta_period_i', 'Power_rate_1_4', 'Power_rate_1_3', 'Power_rate_1_2', 'Power_rate_2', 'Power_rate_3', 'Power_rate_4', 'Harmonics_mse_r', 'Harmonics_chi_r', 'Harmonics_phase_2_r', 'Harmonics_phase_3_r', 'Harmonics_phase_4_r', 'Harmonics_phase_5_r', 'Harmonics_phase_6_r', 'Harmonics_phase_7_r', 'Harmonics_mse_i', 'Harmonics_chi_i', 'Harmonics_phase_2_i', 'Harmonics_phase_3_i', 'Harmonics_phase_4_i', 'Harmonics_phase_5_i', 'Harmonics_phase_6_i', 'Harmonics_phase_7_i', 'Harmonics_mse_z', 'Harmonics_chi_z', 'Harmonics_phase_2_z', 'Harmonics_phase_3_z', 'Harmonics_phase_4_z', 'Harmonics_phase_5_z', 'Harmonics_phase_6_z', 'Harmonics_phase_7_z', 'SPM_A_g', 'SPM_gamma_g', 'SPM_A_r', 'SPM_gamma_r', 'SPM_tau_fall_r', 'SPM_A_i', 'SPM_gamma_i', 'SPM_beta_i', 'SPM_tau_fall_i', 'SPM_A_z', 'SPM_gamma_z', 'SPM_tau_rise_z', 'SPM_tau_fall_z', 'SPM_A_Y', 'SPM_gamma_Y', 'SPM_tau_rise_Y', 'SPM_tau_fall_Y', 'SPM_chi_r', 'SPM_chi_i', 'SPM_chi_z', 'positive_fraction_g', 'Timespan')",0.020604517696541338,0.016031014777198063,0.008015507388599031
65,"(0, 1, 2, 3, 4, 5, 6, 7, 8, 9, 10, 11, 12, 13, 14, 15, 16, 17, 18, 19, 20, 21, 22, 23, 24, 25, 26, 27, 28, 29, 30, 31, 32, 33, 34, 35, 36, 37, 38, 39, 40, 41, 42, 43, 47, 48, 51, 52, 53, 54, 55, 56, 57, 58, 60, 61, 62, 63, 65, 66, 67, 68, 69, 70, 72)",[0.71593181 0.71616458 0.6876121  0.67392449 0.68205026],0.6951366467323729,"('g-r', 'r-i', 'i-z', 'Multiband_period', 'Harmonics_mag_6_r', 'Harmonics_mag_6_i', 'Harmonics_mag_6_z', 'SPM_t0_Y', 'positive_fraction_i', 'PPE', 'Period_band_i', 'delta_period_i', 'Power_rate_1_4', 'Power_rate_1_3', 'Power_rate_1_2', 'Power_rate_2', 'Power_rate_3', 'Power_rate_4', 'Harmonics_mse_r', 'Harmonics_chi_r', 'Harmonics_phase_2_r', 'Harmonics_phase_3_r', 'Harmonics_phase_4_r', 'Harmonics_phase_5_r', 'Harmonics_phase_6_r', 'Harmonics_phase_7_r', 'Harmonics_mse_i', 'Harmonics_chi_i', 'Harmonics_phase_2_i', 'Harmonics_phase_3_i', 'Harmonics_phase_4_i', 'Harmonics_phase_5_i', 'Harmonics_phase_6_i', 'Harmonics_phase_7_i', 'Harmonics_mse_z', 'Harmonics_chi_z', 'Harmonics_phase_2_z', 'Harmonics_phase_3_z', 'Harmonics_phase_4_z', 'Harmonics_phase_5_z', 'Harmonics_phase_6_z', 'Harmonics_phase_7_z', 'SPM_A_g', 'SPM_gamma_g', 'SPM_A_r', 'SPM_gamma_r', 'SPM_tau_fall_r', 'SPM_A_i', 'SPM_gamma_i', 'SPM_beta_i', 'SPM_tau_rise_i', 'SPM_tau_fall_i', 'SPM_A_z', 'SPM_gamma_z', 'SPM_tau_rise_z', 'SPM_tau_fall_z', 'SPM_A_Y', 'SPM_gamma_Y', 'SPM_tau_rise_Y', 'SPM_tau_fall_Y', 'SPM_chi_r', 'SPM_chi_i', 'SPM_chi_z', 'positive_fraction_g', 'Timespan')",0.022647693227272545,0.0176206747541001,0.008810337377050049
1,"(3,)",[0.71406063 0.68516154 0.70017014 0.6913851  0.68397215],0.6949499114926401,"('Multiband_period',)",0.01432971259216235,0.011149003228380173,0.005574501614190087
66,"(0, 1, 2, 3, 4, 5, 6, 7, 8, 9, 10, 11, 12, 13, 14, 15, 16, 17, 18, 19, 20, 21, 22, 23, 24, 25, 26, 27, 28, 29, 30, 31, 32, 33, 34, 35, 36, 37, 38, 39, 40, 41, 42, 43, 47, 48, 51, 52, 53, 54, 55, 56, 57, 58, 60, 61, 62, 63, 65, 66, 67, 68, 69, 70, 71, 72)",[0.71624298 0.69919674 0.68771156 0.66784017 0.67946462],0.6900912153803851,"('g-r', 'r-i', 'i-z', 'Multiband_period', 'Harmonics_mag_6_r', 'Harmonics_mag_6_i', 'Harmonics_mag_6_z', 'SPM_t0_Y', 'positive_fraction_i', 'PPE', 'Period_band_i', 'delta_period_i', 'Power_rate_1_4', 'Power_rate_1_3', 'Power_rate_1_2', 'Power_rate_2', 'Power_rate_3', 'Power_rate_4', 'Harmonics_mse_r', 'Harmonics_chi_r', 'Harmonics_phase_2_r', 'Harmonics_phase_3_r', 'Harmonics_phase_4_r', 'Harmonics_phase_5_r', 'Harmonics_phase_6_r', 'Harmonics_phase_7_r', 'Harmonics_mse_i', 'Harmonics_chi_i', 'Harmonics_phase_2_i', 'Harmonics_phase_3_i', 'Harmonics_phase_4_i', 'Harmonics_phase_5_i', 'Harmonics_phase_6_i', 'Harmonics_phase_7_i', 'Harmonics_mse_z', 'Harmonics_chi_z', 'Harmonics_phase_2_z', 'Harmonics_phase_3_z', 'Harmonics_phase_4_z', 'Harmonics_phase_5_z', 'Harmonics_phase_6_z', 'Harmonics_phase_7_z', 'SPM_A_g', 'SPM_gamma_g', 'SPM_A_r', 'SPM_gamma_r', 'SPM_tau_fall_r', 'SPM_A_i', 'SPM_gamma_i', 'SPM_beta_i', 'SPM_tau_rise_i', 'SPM_tau_fall_i', 'SPM_A_z', 'SPM_gamma_z', 'SPM_tau_rise_z', 'SPM_tau_fall_z', 'SPM_A_Y', 'SPM_gamma_Y', 'SPM_tau_rise_Y', 'SPM_tau_fall_Y', 'SPM_chi_r', 'SPM_chi_i', 'SPM_chi_z', 'positive_fraction_g', 'positive_fraction_z', 'Timespan')",0.021356894313582387,0.016616389346185333,0.008308194673092665
67,"(0, 1, 2, 3, 4, 5, 6, 7, 8, 9, 10, 11, 12, 13, 14, 15, 16, 17, 18, 19, 20, 21, 22, 23, 24, 25, 26, 27, 28, 29, 30, 31, 32, 33, 34, 35, 36, 37, 38, 39, 40, 41, 42, 43, 46, 47, 48, 51, 52, 53, 54, 55, 56, 57, 58, 60, 61, 62, 63, 65, 66, 67, 68, 69, 70, 71, 72)",[0.70717678 0.70289934 0.68121292 0.66033682 0.66528378],0.6833819276892943,"('g-r', 'r-i', 'i-z', 'Multiband_period', 'Harmonics_mag_6_r', 'Harmonics_mag_6_i', 'Harmonics_mag_6_z', 'SPM_t0_Y', 'positive_fraction_i', 'PPE', 'Period_band_i', 'delta_period_i', 'Power_rate_1_4', 'Power_rate_1_3', 'Power_rate_1_2', 'Power_rate_2', 'Power_rate_3', 'Power_rate_4', 'Harmonics_mse_r', 'Harmonics_chi_r', 'Harmonics_phase_2_r', 'Harmonics_phase_3_r', 'Harmonics_phase_4_r', 'Harmonics_phase_5_r', 'Harmonics_phase_6_r', 'Harmonics_phase_7_r', 'Harmonics_mse_i', 'Harmonics_chi_i', 'Harmonics_phase_2_i', 'Harmonics_phase_3_i', 'Harmonics_phase_4_i', 'Harmonics_phase_5_i', 'Harmonics_phase_6_i', 'Harmonics_phase_7_i', 'Harmonics_mse_z', 'Harmonics_chi_z', 'Harmonics_phase_2_z', 'Harmonics_phase_3_z', 'Harmonics_phase_4_z', 'Harmonics_phase_5_z', 'Harmonics_phase_6_z', 'Harmonics_phase_7_z', 'SPM_A_g', 'SPM_gamma_g', 'SPM_tau_fall_g', 'SPM_A_r', 'SPM_gamma_r', 'SPM_tau_fall_r', 'SPM_A_i', 'SPM_gamma_i', 'SPM_beta_i', 'SPM_tau_rise_i', 'SPM_tau_fall_i', 'SPM_A_z', 'SPM_gamma_z', 'SPM_tau_rise_z', 'SPM_tau_fall_z', 'SPM_A_Y', 'SPM_gamma_Y', 'SPM_tau_rise_Y', 'SPM_tau_fall_Y', 'SPM_chi_r', 'SPM_chi_i', 'SPM_chi_z', 'positive_fraction_g', 'positive_fraction_z', 'Timespan')",0.024457361067616448,0.019028657814787946,0.009514328907393973
68,"(0, 1, 2, 3, 4, 5, 6, 7, 8, 9, 10, 11, 12, 13, 14, 15, 16, 17, 18, 19, 20, 21, 22, 23, 24, 25, 26, 27, 28, 29, 30, 31, 32, 33, 34, 35, 36, 37, 38, 39, 40, 41, 42, 43, 46, 47, 48, 49, 51, 52, 53, 54, 55, 56, 57, 58, 60, 61, 62, 63, 65, 66, 67, 68, 69, 70, 71, 72)",[0.6981751  0.69123177 0.67491207 0.65149986 0.65865745],0.6748952496903542,"('g-r', 'r-i', 'i-z', 'Multiband_period', 'Harmonics_mag_6_r', 'Harmonics_mag_6_i', 'Harmonics_mag_6_z', 'SPM_t0_Y', 'positive_fraction_i', 'PPE', 'Period_band_i', 'delta_period_i', 'Power_rate_1_4', 'Power_rate_1_3', 'Power_rate_1_2', 'Power_rate_2', 'Power_rate_3', 'Power_rate_4', 'Harmonics_mse_r', 'Harmonics_chi_r', 'Harmonics_phase_2_r', 'Harmonics_phase_3_r', 'Harmonics_phase_4_r', 'Harmonics_phase_5_r', 'Harmonics_phase_6_r', 'Harmonics_phase_7_r', 'Harmonics_mse_i', 'Harmonics_chi_i', 'Harmonics_phase_2_i', 'Harmonics_phase_3_i', 'Harmonics_phase_4_i', 'Harmonics_phase_5_i', 'Harmonics_phase_6_i', 'Harmonics_phase_7_i', 'Harmonics_mse_z', 'Harmonics_chi_z', 'Harmonics_phase_2_z', 'Harmonics_phase_3_z', 'Harmonics_phase_4_z', 'Harmonics_phase_5_z', 'Harmonics_phase_6_z', 'Harmonics_phase_7_z', 'SPM_A_g', 'SPM_gamma_g', 'SPM_tau_fall_g', 'SPM_A_r', 'SPM_gamma_r', 'SPM_beta_r', 'SPM_tau_fall_r', 'SPM_A_i', 'SPM_gamma_i', 'SPM_beta_i', 'SPM_tau_rise_i', 'SPM_tau_fall_i', 'SPM_A_z', 'SPM_gamma_z', 'SPM_tau_rise_z', 'SPM_tau_fall_z', 'SPM_A_Y', 'SPM_gamma_Y', 'SPM_tau_rise_Y', 'SPM_tau_fall_Y', 'SPM_chi_r', 'SPM_chi_i', 'SPM_chi_z', 'positive_fraction_g', 'positive_fraction_z', 'Timespan')",0.023134122643733625,0.017999133365856897,0.008999566682928449
69,"(0, 1, 2, 3, 4, 5, 6, 7, 8, 9, 10, 11, 12, 13, 14, 15, 16, 17, 18, 19, 20, 21, 22, 23, 24, 25, 26, 27, 28, 29, 30, 31, 32, 33, 34, 35, 36, 37, 38, 39, 40, 41, 42, 43, 46, 47, 48, 49, 51, 52, 53, 54, 55, 56, 57, 58, 59, 60, 61, 62, 63, 65, 66, 67, 68, 69, 70, 71, 72)",[0.69119432 0.68336881 0.66758585 0.64319449 0.65453264],0.6679752212485238,"('g-r', 'r-i', 'i-z', 'Multiband_period', 'Harmonics_mag_6_r', 'Harmonics_mag_6_i', 'Harmonics_mag_6_z', 'SPM_t0_Y', 'positive_fraction_i', 'PPE', 'Period_band_i', 'delta_period_i', 'Power_rate_1_4', 'Power_rate_1_3', 'Power_rate_1_2', 'Power_rate_2', 'Power_rate_3', 'Power_rate_4', 'Harmonics_mse_r', 'Harmonics_chi_r', 'Harmonics_phase_2_r', 'Harmonics_phase_3_r', 'Harmonics_phase_4_r', 'Harmonics_phase_5_r', 'Harmonics_phase_6_r', 'Harmonics_phase_7_r', 'Harmonics_mse_i', 'Harmonics_chi_i', 'Harmonics_phase_2_i', 'Harmonics_phase_3_i', 'Harmonics_phase_4_i', 'Harmonics_phase_5_i', 'Harmonics_phase_6_i', 'Harmonics_phase_7_i', 'Harmonics_mse_z', 'Harmonics_chi_z', 'Harmonics_phase_2_z', 'Harmonics_phase_3_z', 'Harmonics_phase_4_z', 'Harmonics_phase_5_z', 'Harmonics_phase_6_z', 'Harmonics_phase_7_z', 'SPM_A_g', 'SPM_gamma_g', 'SPM_tau_fall_g', 'SPM_A_r', 'SPM_gamma_r', 'SPM_beta_r', 'SPM_tau_fall_r', 'SPM_A_i', 'SPM_gamma_i', 'SPM_beta_i', 'SPM_tau_rise_i', 'SPM_tau_fall_i', 'SPM_A_z', 'SPM_gamma_z', 'SPM_beta_z', 'SPM_tau_rise_z', 'SPM_tau_fall_z', 'SPM_A_Y', 'SPM_gamma_Y', 'SPM_tau_rise_Y', 'SPM_tau_fall_Y', 'SPM_chi_r', 'SPM_chi_i', 'SPM_chi_z', 'positive_fraction_g', 'positive_fraction_z', 'Timespan')",0.02278286885042824,0.01772584598131546,0.00886292299065773
70,"(0, 1, 2, 3, 4, 5, 6, 7, 8, 9, 10, 11, 12, 13, 14, 15, 16, 17, 18, 19, 20, 21, 22, 23, 24, 25, 26, 27, 28, 29, 30, 31, 32, 33, 34, 35, 36, 37, 38, 39, 40, 41, 42, 43, 46, 47, 48, 49, 51, 52, 53, 54, 55, 56, 57, 58, 59, 60, 61, 62, 63, 64, 65, 66, 67, 68, 69, 70, 71, 72)",[0.6800038  0.68052803 0.65593103 0.64116214 0.64167647],0.6598602946402929,"('g-r', 'r-i', 'i-z', 'Multiband_period', 'Harmonics_mag_6_r', 'Harmonics_mag_6_i', 'Harmonics_mag_6_z', 'SPM_t0_Y', 'positive_fraction_i', 'PPE', 'Period_band_i', 'delta_period_i', 'Power_rate_1_4', 'Power_rate_1_3', 'Power_rate_1_2', 'Power_rate_2', 'Power_rate_3', 'Power_rate_4', 'Harmonics_mse_r', 'Harmonics_chi_r', 'Harmonics_phase_2_r', 'Harmonics_phase_3_r', 'Harmonics_phase_4_r', 'Harmonics_phase_5_r', 'Harmonics_phase_6_r', 'Harmonics_phase_7_r', 'Harmonics_mse_i', 'Harmonics_chi_i', 'Harmonics_phase_2_i', 'Harmonics_phase_3_i', 'Harmonics_phase_4_i', 'Harmonics_phase_5_i', 'Harmonics_phase_6_i', 'Harmonics_phase_7_i', 'Harmonics_mse_z', 'Harmonics_chi_z', 'Harmonics_phase_2_z', 'Harmonics_phase_3_z', 'Harmonics_phase_4_z', 'Harmonics_phase_5_z', 'Harmonics_phase_6_z', 'Harmonics_phase_7_z', 'SPM_A_g', 'SPM_gamma_g', 'SPM_tau_fall_g', 'SPM_A_r', 'SPM_gamma_r', 'SPM_beta_r', 'SPM_tau_fall_r', 'SPM_A_i', 'SPM_gamma_i', 'SPM_beta_i', 'SPM_tau_rise_i', 'SPM_tau_fall_i', 'SPM_A_z', 'SPM_gamma_z', 'SPM_beta_z', 'SPM_tau_rise_z', 'SPM_tau_fall_z', 'SPM_A_Y', 'SPM_gamma_Y', 'SPM_beta_Y', 'SPM_tau_rise_Y', 'SPM_tau_fall_Y', 'SPM_chi_r', 'SPM_chi_i', 'SPM_chi_z', 'positive_fraction_g', 'positive_fraction_z', 'Timespan')",0.02247332507106533,0.017485010404659884,0.008742505202329942
71,"(0, 1, 2, 3, 4, 5, 6, 7, 8, 9, 10, 11, 12, 13, 14, 15, 16, 17, 18, 19, 20, 21, 22, 23, 24, 25, 26, 27, 28, 29, 30, 31, 32, 33, 34, 35, 36, 37, 38, 39, 40, 41, 42, 43, 46, 47, 48, 49, 50, 51, 52, 53, 54, 55, 56, 57, 58, 59, 60, 61, 62, 63, 64, 65, 66, 67, 68, 69, 70, 71, 72)",[0.6757587  0.67980742 0.645451   0.62771957 0.63969636],0.6536866096790579,"('g-r', 'r-i', 'i-z', 'Multiband_period', 'Harmonics_mag_6_r', 'Harmonics_mag_6_i', 'Harmonics_mag_6_z', 'SPM_t0_Y', 'positive_fraction_i', 'PPE', 'Period_band_i', 'delta_period_i', 'Power_rate_1_4', 'Power_rate_1_3', 'Power_rate_1_2', 'Power_rate_2', 'Power_rate_3', 'Power_rate_4', 'Harmonics_mse_r', 'Harmonics_chi_r', 'Harmonics_phase_2_r', 'Harmonics_phase_3_r', 'Harmonics_phase_4_r', 'Harmonics_phase_5_r', 'Harmonics_phase_6_r', 'Harmonics_phase_7_r', 'Harmonics_mse_i', 'Harmonics_chi_i', 'Harmonics_phase_2_i', 'Harmonics_phase_3_i', 'Harmonics_phase_4_i', 'Harmonics_phase_5_i', 'Harmonics_phase_6_i', 'Harmonics_phase_7_i', 'Harmonics_mse_z', 'Harmonics_chi_z', 'Harmonics_phase_2_z', 'Harmonics_phase_3_z', 'Harmonics_phase_4_z', 'Harmonics_phase_5_z', 'Harmonics_phase_6_z', 'Harmonics_phase_7_z', 'SPM_A_g', 'SPM_gamma_g', 'SPM_tau_fall_g', 'SPM_A_r', 'SPM_gamma_r', 'SPM_beta_r', 'SPM_tau_rise_r', 'SPM_tau_fall_r', 'SPM_A_i', 'SPM_gamma_i', 'SPM_beta_i', 'SPM_tau_rise_i', 'SPM_tau_fall_i', 'SPM_A_z', 'SPM_gamma_z', 'SPM_beta_z', 'SPM_tau_rise_z', 'SPM_tau_fall_z', 'SPM_A_Y', 'SPM_gamma_Y', 'SPM_beta_Y', 'SPM_tau_rise_Y', 'SPM_tau_fall_Y', 'SPM_chi_r', 'SPM_chi_i', 'SPM_chi_z', 'positive_fraction_g', 'positive_fraction_z', 'Timespan')",0.026386452535243663,0.02052955651475071,0.010264778257375354
72,"(0, 1, 2, 3, 4, 5, 6, 7, 8, 9, 10, 11, 12, 13, 14, 15, 16, 17, 18, 19, 20, 21, 22, 23, 24, 25, 26, 27, 28, 29, 30, 31, 32, 33, 34, 35, 36, 37, 38, 39, 40, 41, 42, 43, 45, 46, 47, 48, 49, 50, 51, 52, 53, 54, 55, 56, 57, 58, 59, 60, 61, 62, 63, 64, 65, 66, 67, 68, 69, 70, 71, 72)",[0.66333523 0.67263863 0.64134059 0.61978237 0.62562233],0.644543831814208,"('g-r', 'r-i', 'i-z', 'Multiband_period', 'Harmonics_mag_6_r', 'Harmonics_mag_6_i', 'Harmonics_mag_6_z', 'SPM_t0_Y', 'positive_fraction_i', 'PPE', 'Period_band_i', 'delta_period_i', 'Power_rate_1_4', 'Power_rate_1_3', 'Power_rate_1_2', 'Power_rate_2', 'Power_rate_3', 'Power_rate_4', 'Harmonics_mse_r', 'Harmonics_chi_r', 'Harmonics_phase_2_r', 'Harmonics_phase_3_r', 'Harmonics_phase_4_r', 'Harmonics_phase_5_r', 'Harmonics_phase_6_r', 'Harmonics_phase_7_r', 'Harmonics_mse_i', 'Harmonics_chi_i', 'Harmonics_phase_2_i', 'Harmonics_phase_3_i', 'Harmonics_phase_4_i', 'Harmonics_phase_5_i', 'Harmonics_phase_6_i', 'Harmonics_phase_7_i', 'Harmonics_mse_z', 'Harmonics_chi_z', 'Harmonics_phase_2_z', 'Harmonics_phase_3_z', 'Harmonics_phase_4_z', 'Harmonics_phase_5_z', 'Harmonics_phase_6_z', 'Harmonics_phase_7_z', 'SPM_A_g', 'SPM_gamma_g', 'SPM_tau_rise_g', 'SPM_tau_fall_g', 'SPM_A_r', 'SPM_gamma_r', 'SPM_beta_r', 'SPM_tau_rise_r', 'SPM_tau_fall_r', 'SPM_A_i', 'SPM_gamma_i', 'SPM_beta_i', 'SPM_tau_rise_i', 'SPM_tau_fall_i', 'SPM_A_z', 'SPM_gamma_z', 'SPM_beta_z', 'SPM_tau_rise_z', 'SPM_tau_fall_z', 'SPM_A_Y', 'SPM_gamma_Y', 'SPM_beta_Y', 'SPM_tau_rise_Y', 'SPM_tau_fall_Y', 'SPM_chi_r', 'SPM_chi_i', 'SPM_chi_z', 'positive_fraction_g', 'positive_fraction_z', 'Timespan')",0.026489769138460073,0.020609940342088254,0.010304970171044127
73,"(0, 1, 2, 3, 4, 5, 6, 7, 8, 9, 10, 11, 12, 13, 14, 15, 16, 17, 18, 19, 20, 21, 22, 23, 24, 25, 26, 27, 28, 29, 30, 31, 32, 33, 34, 35, 36, 37, 38, 39, 40, 41, 42, 43, 44, 45, 46, 47, 48, 49, 50, 51, 52, 53, 54, 55, 56, 57, 58, 59, 60, 61, 62, 63, 64, 65, 66, 67, 68, 69, 70, 71, 72)",[0.66112547 0.66669063 0.63211052 0.61384692 0.62362765],0.6394802359926055,"('g-r', 'r-i', 'i-z', 'Multiband_period', 'Harmonics_mag_6_r', 'Harmonics_mag_6_i', 'Harmonics_mag_6_z', 'SPM_t0_Y', 'positive_fraction_i', 'PPE', 'Period_band_i', 'delta_period_i', 'Power_rate_1_4', 'Power_rate_1_3', 'Power_rate_1_2', 'Power_rate_2', 'Power_rate_3', 'Power_rate_4', 'Harmonics_mse_r', 'Harmonics_chi_r', 'Harmonics_phase_2_r', 'Harmonics_phase_3_r', 'Harmonics_phase_4_r', 'Harmonics_phase_5_r', 'Harmonics_phase_6_r', 'Harmonics_phase_7_r', 'Harmonics_mse_i', 'Harmonics_chi_i', 'Harmonics_phase_2_i', 'Harmonics_phase_3_i', 'Harmonics_phase_4_i', 'Harmonics_phase_5_i', 'Harmonics_phase_6_i', 'Harmonics_phase_7_i', 'Harmonics_mse_z', 'Harmonics_chi_z', 'Harmonics_phase_2_z', 'Harmonics_phase_3_z', 'Harmonics_phase_4_z', 'Harmonics_phase_5_z', 'Harmonics_phase_6_z', 'Harmonics_phase_7_z', 'SPM_A_g', 'SPM_gamma_g', 'SPM_beta_g', 'SPM_tau_rise_g', 'SPM_tau_fall_g', 'SPM_A_r', 'SPM_gamma_r', 'SPM_beta_r', 'SPM_tau_rise_r', 'SPM_tau_fall_r', 'SPM_A_i', 'SPM_gamma_i', 'SPM_beta_i', 'SPM_tau_rise_i', 'SPM_tau_fall_i', 'SPM_A_z', 'SPM_gamma_z', 'SPM_beta_z', 'SPM_tau_rise_z', 'SPM_tau_fall_z', 'SPM_A_Y', 'SPM_gamma_Y', 'SPM_beta_Y', 'SPM_tau_rise_Y', 'SPM_tau_fall_Y', 'SPM_chi_r', 'SPM_chi_i', 'SPM_chi_z', 'positive_fraction_g', 'positive_fraction_z', 'Timespan')",0.026785944498126175,0.020840374834046597,0.010420187417023299
